-- MySQL dump 10.13  Distrib 5.5.32, for debian-linux-gnu (x86_64)
--
-- Host: localhost    Database: online_delivery
-- ------------------------------------------------------
-- Server version	5.5.32-0ubuntu0.12.10.1

/*!40101 SET @OLD_CHARACTER_SET_CLIENT=@@CHARACTER_SET_CLIENT */;
/*!40101 SET @OLD_CHARACTER_SET_RESULTS=@@CHARACTER_SET_RESULTS */;
/*!40101 SET @OLD_COLLATION_CONNECTION=@@COLLATION_CONNECTION */;
/*!40101 SET NAMES utf8 */;
/*!40103 SET @OLD_TIME_ZONE=@@TIME_ZONE */;
/*!40103 SET TIME_ZONE='+00:00' */;
/*!40014 SET @OLD_UNIQUE_CHECKS=@@UNIQUE_CHECKS, UNIQUE_CHECKS=0 */;
/*!40014 SET @OLD_FOREIGN_KEY_CHECKS=@@FOREIGN_KEY_CHECKS, FOREIGN_KEY_CHECKS=0 */;
/*!40101 SET @OLD_SQL_MODE=@@SQL_MODE, SQL_MODE='NO_AUTO_VALUE_ON_ZERO' */;
/*!40111 SET @OLD_SQL_NOTES=@@SQL_NOTES, SQL_NOTES=0 */;

--
-- Table structure for table `AuthAssignment`
--

DROP TABLE IF EXISTS `AuthAssignment`;
/*!40101 SET @saved_cs_client     = @@character_set_client */;
/*!40101 SET character_set_client = utf8 */;
CREATE TABLE `AuthAssignment` (
  `itemname` varchar(64) NOT NULL,
  `userid` varchar(64) NOT NULL,
  `bizrule` text,
  `data` text,
  PRIMARY KEY (`itemname`,`userid`),
  CONSTRAINT `AuthAssignment_ibfk_1` FOREIGN KEY (`itemname`) REFERENCES `AuthItem` (`name`) ON DELETE CASCADE ON UPDATE CASCADE
) ENGINE=InnoDB DEFAULT CHARSET=latin1;
/*!40101 SET character_set_client = @saved_cs_client */;

--
-- Dumping data for table `AuthAssignment`
--

LOCK TABLES `AuthAssignment` WRITE;
/*!40000 ALTER TABLE `AuthAssignment` DISABLE KEYS */;
INSERT INTO `AuthAssignment` VALUES ('Admin','1',NULL,'N;'),('Admin','3',NULL,NULL),('Admin','4',NULL,NULL);
/*!40000 ALTER TABLE `AuthAssignment` ENABLE KEYS */;
UNLOCK TABLES;

--
-- Table structure for table `AuthItem`
--

DROP TABLE IF EXISTS `AuthItem`;
/*!40101 SET @saved_cs_client     = @@character_set_client */;
/*!40101 SET character_set_client = utf8 */;
CREATE TABLE `AuthItem` (
  `name` varchar(64) NOT NULL,
  `type` int(11) NOT NULL,
  `description` text,
  `bizrule` text,
  `data` text,
  PRIMARY KEY (`name`)
) ENGINE=InnoDB DEFAULT CHARSET=latin1;
/*!40101 SET character_set_client = @saved_cs_client */;

--
-- Dumping data for table `AuthItem`
--

LOCK TABLES `AuthItem` WRITE;
/*!40000 ALTER TABLE `AuthItem` DISABLE KEYS */;
INSERT INTO `AuthItem` VALUES ('Admin',2,NULL,NULL,'N;');
/*!40000 ALTER TABLE `AuthItem` ENABLE KEYS */;
UNLOCK TABLES;

--
-- Table structure for table `AuthItemChild`
--

DROP TABLE IF EXISTS `AuthItemChild`;
/*!40101 SET @saved_cs_client     = @@character_set_client */;
/*!40101 SET character_set_client = utf8 */;
CREATE TABLE `AuthItemChild` (
  `parent` varchar(64) NOT NULL,
  `child` varchar(64) NOT NULL,
  PRIMARY KEY (`parent`,`child`),
  KEY `child` (`child`),
  CONSTRAINT `AuthItemChild_ibfk_1` FOREIGN KEY (`parent`) REFERENCES `AuthItem` (`name`) ON DELETE CASCADE ON UPDATE CASCADE,
  CONSTRAINT `AuthItemChild_ibfk_2` FOREIGN KEY (`child`) REFERENCES `AuthItem` (`name`) ON DELETE CASCADE ON UPDATE CASCADE
) ENGINE=InnoDB DEFAULT CHARSET=latin1;
/*!40101 SET character_set_client = @saved_cs_client */;

--
-- Dumping data for table `AuthItemChild`
--

LOCK TABLES `AuthItemChild` WRITE;
/*!40000 ALTER TABLE `AuthItemChild` DISABLE KEYS */;
/*!40000 ALTER TABLE `AuthItemChild` ENABLE KEYS */;
UNLOCK TABLES;

--
-- Table structure for table `Rights`
--

DROP TABLE IF EXISTS `Rights`;
/*!40101 SET @saved_cs_client     = @@character_set_client */;
/*!40101 SET character_set_client = utf8 */;
CREATE TABLE `Rights` (
  `itemname` varchar(64) NOT NULL,
  `type` int(11) NOT NULL,
  `weight` int(11) NOT NULL,
  PRIMARY KEY (`itemname`),
  CONSTRAINT `Rights_ibfk_1` FOREIGN KEY (`itemname`) REFERENCES `AuthItem` (`name`) ON DELETE CASCADE ON UPDATE CASCADE
) ENGINE=InnoDB DEFAULT CHARSET=latin1;
/*!40101 SET character_set_client = @saved_cs_client */;

--
-- Dumping data for table `Rights`
--

LOCK TABLES `Rights` WRITE;
/*!40000 ALTER TABLE `Rights` DISABLE KEYS */;
/*!40000 ALTER TABLE `Rights` ENABLE KEYS */;
UNLOCK TABLES;

--
-- Table structure for table `add_on_sizes`
--

DROP TABLE IF EXISTS `add_on_sizes`;
/*!40101 SET @saved_cs_client     = @@character_set_client */;
/*!40101 SET character_set_client = utf8 */;
CREATE TABLE `add_on_sizes` (
  `id` int(11) NOT NULL AUTO_INCREMENT,
  `add_on_id` int(11) NOT NULL,
  `size_id` int(11) NOT NULL,
  `description` varchar(100) NOT NULL,
  `price` decimal(15,2) NOT NULL,
  PRIMARY KEY (`id`),
  KEY `size_id` (`size_id`),
  KEY `add_on_id` (`add_on_id`),
  CONSTRAINT `add_on_sizes_ibfk_1` FOREIGN KEY (`add_on_id`) REFERENCES `add_ons` (`id`),
  CONSTRAINT `add_on_sizes_ibfk_2` FOREIGN KEY (`size_id`) REFERENCES `sizes` (`id`)
) ENGINE=InnoDB AUTO_INCREMENT=4 DEFAULT CHARSET=latin1;
/*!40101 SET character_set_client = @saved_cs_client */;

--
-- Dumping data for table `add_on_sizes`
--

LOCK TABLES `add_on_sizes` WRITE;
/*!40000 ALTER TABLE `add_on_sizes` DISABLE KEYS */;
INSERT INTO `add_on_sizes` VALUES (1,1,7,'',47.00),(2,1,8,'',59.00),(3,2,7,'',45.00);
/*!40000 ALTER TABLE `add_on_sizes` ENABLE KEYS */;
UNLOCK TABLES;

--
-- Table structure for table `add_ons`
--

DROP TABLE IF EXISTS `add_ons`;
/*!40101 SET @saved_cs_client     = @@character_set_client */;
/*!40101 SET character_set_client = utf8 */;
CREATE TABLE `add_ons` (
  `id` int(11) NOT NULL AUTO_INCREMENT,
  `name` varchar(100) NOT NULL,
  `description` varchar(100) NOT NULL,
  PRIMARY KEY (`id`),
  UNIQUE KEY `name` (`name`)
) ENGINE=InnoDB AUTO_INCREMENT=3 DEFAULT CHARSET=latin1;
/*!40101 SET character_set_client = @saved_cs_client */;

--
-- Dumping data for table `add_ons`
--

LOCK TABLES `add_ons` WRITE;
/*!40000 ALTER TABLE `add_ons` DISABLE KEYS */;
INSERT INTO `add_ons` VALUES (1,'extra_sausage','Add Extra Sausage'),(2,'extra_cheese','Add Extra Cheese');
/*!40000 ALTER TABLE `add_ons` ENABLE KEYS */;
UNLOCK TABLES;

--
-- Table structure for table `branches`
--

DROP TABLE IF EXISTS `branches`;
/*!40101 SET @saved_cs_client     = @@character_set_client */;
/*!40101 SET character_set_client = utf8 */;
CREATE TABLE `branches` (
  `id` int(11) NOT NULL AUTO_INCREMENT,
  `name` varchar(100) NOT NULL,
  `address` varchar(255) DEFAULT NULL,
  `contact_name` varchar(100) DEFAULT NULL,
  `contact_no` varchar(100) DEFAULT NULL,
  `lat` float(10,6) NOT NULL,
  `lng` float(10,6) NOT NULL,
  `special_instructions` text,
  `is_active` tinyint(1) NOT NULL DEFAULT '1',
  PRIMARY KEY (`id`)
) ENGINE=InnoDB AUTO_INCREMENT=8 DEFAULT CHARSET=latin1;
/*!40101 SET character_set_client = @saved_cs_client */;

--
-- Dumping data for table `branches`
--

LOCK TABLES `branches` WRITE;
/*!40000 ALTER TABLE `branches` DISABLE KEYS */;
INSERT INTO `branches` VALUES (0,'call center',NULL,NULL,NULL,0.000000,0.000000,NULL,0),(1,'Shakey\'s 1','Rufino','John Doe','9172888',14.559034,121.020119,'Vhilly\r\nSantiago2333ee434',1),(2,'Shakey\'s 2','Makati Cinema Square Complex, Makati City,Philippines',NULL,NULL,14.552507,121.014450,NULL,1),(3,'Shakey\'s 3','1482 Carissa Street Dasmarinas Village, Makati, Philippines',NULL,NULL,14.542145,121.025833,NULL,1),(4,'Shakey\'s 4','G/F Southpark Boulding, Paseo de Magallanes Commercial Center 1232, Philippines',NULL,NULL,14.538866,121.016487,NULL,1),(5,'Shakey\'s 5','G/ F Jaycem Building, 104 Rada St., Legaspi Village, Makati City,Philippines',NULL,NULL,14.556126,121.018562,NULL,1),(6,'Shakey\'s 6','Victoria Plaza, Davao City, Philippines',NULL,NULL,7.072073,125.640900,NULL,1),(7,'Shakey\'s 7','Cavite Phoenix Plaza, Bacoor Junction, Emilio Aguinaldo Hwy, Lungsod ng Bacoor, ',NULL,NULL,14.459850,120.959702,NULL,1);
/*!40000 ALTER TABLE `branches` ENABLE KEYS */;
UNLOCK TABLES;

--
-- Table structure for table `config`
--

DROP TABLE IF EXISTS `config`;
/*!40101 SET @saved_cs_client     = @@character_set_client */;
/*!40101 SET character_set_client = utf8 */;
CREATE TABLE `config` (
  `id` int(11) NOT NULL AUTO_INCREMENT,
  `name` varchar(100) NOT NULL,
  `value` varchar(255) NOT NULL,
  PRIMARY KEY (`id`)
) ENGINE=InnoDB AUTO_INCREMENT=3 DEFAULT CHARSET=latin1;
/*!40101 SET character_set_client = @saved_cs_client */;

--
-- Dumping data for table `config`
--

LOCK TABLES `config` WRITE;
/*!40000 ALTER TABLE `config` DISABLE KEYS */;
INSERT INTO `config` VALUES (1,'Delivery Charge',''),(2,'VAT','12');
/*!40000 ALTER TABLE `config` ENABLE KEYS */;
UNLOCK TABLES;

--
-- Table structure for table `customers`
--

DROP TABLE IF EXISTS `customers`;
/*!40101 SET @saved_cs_client     = @@character_set_client */;
/*!40101 SET character_set_client = utf8 */;
CREATE TABLE `customers` (
  `id` int(11) NOT NULL AUTO_INCREMENT,
  `name` varchar(100) NOT NULL,
  `address` varchar(255) NOT NULL,
  `phone_1` varchar(100) NOT NULL,
  `phone_2` varchar(100) DEFAULT NULL,
  `geocode` varchar(255) DEFAULT NULL,
  `note` varchar(255) DEFAULT NULL,
  PRIMARY KEY (`id`)
) ENGINE=InnoDB AUTO_INCREMENT=9 DEFAULT CHARSET=latin1;
/*!40101 SET character_set_client = @saved_cs_client */;

--
-- Dumping data for table `customers`
--

LOCK TABLES `customers` WRITE;
/*!40000 ALTER TABLE `customers` DISABLE KEYS */;
INSERT INTO `customers` VALUES (6,'Vhilly Santiago','makati','1003',NULL,'',NULL),(7,'Vhilly Santiago','Bacoor Cavite','1233',NULL,'',NULL),(8,'James Dee','Cavite','10001',NULL,'',NULL);
/*!40000 ALTER TABLE `customers` ENABLE KEYS */;
UNLOCK TABLES;

--
-- Table structure for table `discounts`
--

DROP TABLE IF EXISTS `discounts`;
/*!40101 SET @saved_cs_client     = @@character_set_client */;
/*!40101 SET character_set_client = utf8 */;
CREATE TABLE `discounts` (
  `id` int(11) NOT NULL AUTO_INCREMENT,
  `name` varchar(100) NOT NULL,
  `code` varchar(10) NOT NULL,
  `percent` decimal(5,2) NOT NULL DEFAULT '0.00',
  `amount` decimal(15,2) NOT NULL DEFAULT '0.00',
  `date_created` timestamp NOT NULL DEFAULT CURRENT_TIMESTAMP,
  `date_updated` timestamp NOT NULL DEFAULT '0000-00-00 00:00:00',
  PRIMARY KEY (`id`)
) ENGINE=InnoDB DEFAULT CHARSET=latin1;
/*!40101 SET character_set_client = @saved_cs_client */;

--
-- Dumping data for table `discounts`
--

LOCK TABLES `discounts` WRITE;
/*!40000 ALTER TABLE `discounts` DISABLE KEYS */;
/*!40000 ALTER TABLE `discounts` ENABLE KEYS */;
UNLOCK TABLES;

--
-- Table structure for table `item_add_ons`
--

DROP TABLE IF EXISTS `item_add_ons`;
/*!40101 SET @saved_cs_client     = @@character_set_client */;
/*!40101 SET character_set_client = utf8 */;
CREATE TABLE `item_add_ons` (
  `id` int(11) NOT NULL AUTO_INCREMENT,
  `item_id` int(11) NOT NULL,
  `add_on_id` int(11) NOT NULL,
  `is_available` tinyint(1) NOT NULL DEFAULT '1',
  `deleted` tinyint(1) NOT NULL DEFAULT '0',
  PRIMARY KEY (`id`),
  KEY `item_id` (`item_id`),
  KEY `add_on_id` (`add_on_id`),
  CONSTRAINT `item_add_ons_ibfk_1` FOREIGN KEY (`item_id`) REFERENCES `menu_items` (`id`),
  CONSTRAINT `item_add_ons_ibfk_2` FOREIGN KEY (`add_on_id`) REFERENCES `add_ons` (`id`)
) ENGINE=InnoDB AUTO_INCREMENT=3 DEFAULT CHARSET=latin1;
/*!40101 SET character_set_client = @saved_cs_client */;

--
-- Dumping data for table `item_add_ons`
--

LOCK TABLES `item_add_ons` WRITE;
/*!40000 ALTER TABLE `item_add_ons` DISABLE KEYS */;
INSERT INTO `item_add_ons` VALUES (1,7,1,1,0),(2,7,2,1,1);
/*!40000 ALTER TABLE `item_add_ons` ENABLE KEYS */;
UNLOCK TABLES;

--
-- Table structure for table `item_checklist`
--

DROP TABLE IF EXISTS `item_checklist`;
/*!40101 SET @saved_cs_client     = @@character_set_client */;
/*!40101 SET character_set_client = utf8 */;
CREATE TABLE `item_checklist` (
  `id` int(11) NOT NULL AUTO_INCREMENT,
  `item_id` int(11) NOT NULL,
  `misc_item_id` int(11) NOT NULL,
  `qty` int(11) NOT NULL,
  `deleted` tinyint(1) NOT NULL,
  PRIMARY KEY (`id`),
  KEY `misc_item_id` (`misc_item_id`),
  KEY `item_id` (`item_id`),
  CONSTRAINT `item_checklist_ibfk_1` FOREIGN KEY (`item_id`) REFERENCES `menu_items` (`id`),
  CONSTRAINT `item_checklist_ibfk_2` FOREIGN KEY (`misc_item_id`) REFERENCES `misc_items` (`id`)
) ENGINE=InnoDB AUTO_INCREMENT=2 DEFAULT CHARSET=latin1;
/*!40101 SET character_set_client = @saved_cs_client */;

--
-- Dumping data for table `item_checklist`
--

LOCK TABLES `item_checklist` WRITE;
/*!40000 ALTER TABLE `item_checklist` DISABLE KEYS */;
INSERT INTO `item_checklist` VALUES (1,7,1,2,0);
/*!40000 ALTER TABLE `item_checklist` ENABLE KEYS */;
UNLOCK TABLES;

--
-- Table structure for table `item_sizes`
--

DROP TABLE IF EXISTS `item_sizes`;
/*!40101 SET @saved_cs_client     = @@character_set_client */;
/*!40101 SET character_set_client = utf8 */;
CREATE TABLE `item_sizes` (
  `id` int(11) NOT NULL AUTO_INCREMENT,
  `item_id` int(11) NOT NULL,
  `size_id` int(11) NOT NULL,
  `description` varchar(100) NOT NULL,
  `price` decimal(15,2) NOT NULL,
  `deleted` tinyint(1) NOT NULL DEFAULT '0',
  PRIMARY KEY (`id`),
  KEY `size_id` (`size_id`),
  KEY `add_on_id` (`item_id`),
  CONSTRAINT `item_sizes_ibfk_1` FOREIGN KEY (`item_id`) REFERENCES `menu_items` (`id`),
  CONSTRAINT `item_sizes_ibfk_2` FOREIGN KEY (`size_id`) REFERENCES `sizes` (`id`)
) ENGINE=InnoDB AUTO_INCREMENT=6 DEFAULT CHARSET=latin1;
/*!40101 SET character_set_client = @saved_cs_client */;

--
-- Dumping data for table `item_sizes`
--

LOCK TABLES `item_sizes` WRITE;
/*!40000 ALTER TABLE `item_sizes` DISABLE KEYS */;
INSERT INTO `item_sizes` VALUES (1,7,1,'',249.00,0),(2,7,2,'',424.00,0),(3,7,3,'',567.00,0),(4,7,4,'',322.00,1),(5,7,5,'',494.00,1);
/*!40000 ALTER TABLE `item_sizes` ENABLE KEYS */;
UNLOCK TABLES;

--
-- Table structure for table `markers`
--

DROP TABLE IF EXISTS `markers`;
/*!40101 SET @saved_cs_client     = @@character_set_client */;
/*!40101 SET character_set_client = utf8 */;
CREATE TABLE `markers` (
  `id` int(11) NOT NULL AUTO_INCREMENT,
  `branch_id` int(11) NOT NULL,
  `name` varchar(60) NOT NULL,
  `address` varchar(80) NOT NULL,
  `lat` float(10,6) NOT NULL,
  `lng` float(10,6) NOT NULL,
  PRIMARY KEY (`id`)
) ENGINE=InnoDB AUTO_INCREMENT=8 DEFAULT CHARSET=latin1;
/*!40101 SET character_set_client = @saved_cs_client */;

--
-- Dumping data for table `markers`
--

LOCK TABLES `markers` WRITE;
/*!40000 ALTER TABLE `markers` DISABLE KEYS */;
INSERT INTO `markers` VALUES (1,1,'Shakey\'s 1','Penthouse, Valero Tower, 122 Valero, Makati, Philippines',14.559034,121.020119),(2,2,'Shakey\'s 2','Makati Cinema Square Complex, Makati City,Philippines',14.552507,121.014450),(3,3,'Shakey\'s 3','1482 Carissa Street Dasmarinas Village, Makati, Philippines',14.542145,121.025833),(4,4,'Shakey\'s 4','G/F Southpark Boulding, Paseo de Magallanes Commercial Center 1232, Philippines',14.538866,121.016487),(5,5,'Shakey\'s 5','G/ F Jaycem Building, 104 Rada St., Legaspi Village, Makati City,Philippines',14.556126,121.018562),(6,6,'Shakey\'s 6','Victoria Plaza, Davao City, Philippines',7.072073,125.640900),(7,7,'Shakey\'s 7','Cavite Phoenix Plaza, Bacoor Junction, Emilio Aguinaldo Hwy, Lungsod ng Bacoor, ',14.459850,120.959702);
/*!40000 ALTER TABLE `markers` ENABLE KEYS */;
UNLOCK TABLES;

--
-- Table structure for table `menu`
--

DROP TABLE IF EXISTS `menu`;
/*!40101 SET @saved_cs_client     = @@character_set_client */;
/*!40101 SET character_set_client = utf8 */;
CREATE TABLE `menu` (
  `id` int(11) NOT NULL AUTO_INCREMENT,
  `description` varchar(100) NOT NULL,
  `img` longblob,
  `is_available` tinyint(1) NOT NULL DEFAULT '1',
  `date_created` datetime NOT NULL,
  `date_updated` timestamp NOT NULL DEFAULT CURRENT_TIMESTAMP ON UPDATE CURRENT_TIMESTAMP,
  `deleted` tinyint(1) NOT NULL DEFAULT '0',
  PRIMARY KEY (`id`)
) ENGINE=InnoDB AUTO_INCREMENT=4 DEFAULT CHARSET=latin1;
/*!40101 SET character_set_client = @saved_cs_client */;

--
-- Dumping data for table `menu`
--

LOCK TABLES `menu` WRITE;
/*!40000 ALTER TABLE `menu` DISABLE KEYS */;
INSERT INTO `menu` VALUES (1,'Drinks','PNG\r\n\Z\n\0\0\0\rIHDR\0\0\0\0\0\0\0\0\0Z=\0\0\0	pHYs\0\0\0\0\0\0\0\nOiCCPPhotoshop ICC profile\0\0xڝSgTS=BKKoR RB&*!	J!QEEȠQ,\n!{kּ>H3Q5B.@\n$p\0d!s#\0~<<+\"\0x\0M0B\\t8K\0@zB\0@F&S\0\0`cb\0P-\0`\'\0{\0[!\0 eD\0h;\0VE\0X0\0fK9\0-\00IWfH\0\0\0\00Q)\0{\0`##x\0\0FW<+*\0\0x<$9E[-qWW.(I+6aa@.y24\0\0x6_-\"bbϫp@\0\0t~,/\Z;m%h^uf@\0Wp~<<EJB[aW}g_Wl~<$2]GLϒ	bG\"IbX*QqD2\"B)%d,>5\0j>{-]cK\'Xt\0\0o(hw?G%\0fIq\0\0^D$.Tʳ?\0\0D*A,`6B$BB\ndr`)B(Ͱ*`/@4Qhp.U=pa(	Aa!ڈbX#!H$ ɈQ\"K5H1RT UH=r9\\F;\02G1Q=C7\ZFdt1r\Z=6Ыhڏ>C03l0.B8,	c˱\"\ZVcϱwE	6wB aAHXLXNH $4	7	Q\'\"K&b21XH,#/{C7$C2\'ITFnR#,4H\Z#dk9, +ȅ3![\nb@qS(RjJ4e2AURݨT5ZBRQ4u9̓IK\ZhhitݕNWGw\rǈg(gwLӋT071oUX**|\nJ&*/TުUUT^S}FU3S	ԖUPSSg;goT?~YYLOCQ_ cx,!k\ru5&|v*=9C3J3WRf?qtN	(~))4L1e\\kXHQG6EYAJ\'\\\'GgSSݧ\nM=:.kDwn^Loy}/TmGX$<5qo</QC]@Caaᄑ<FFi\\$mmƣ&&!&KMMRM);L;L֙͢5=12כ߷`ZxZ,eIZYnZ9YXUZ]F%ֻNNgðɶۮm}agbgŮ}}=\rZ~sr:V:ޚΜ?}/gX3)iSGggs󈋉K.>.ȽJtq]zۯ6iܟ4)Y3sCQ?0k߬~OCOg#/c/Wװwa>>r><72Y_7ȷOo_C#dz\0%gA[z|!?:eAAA!h쐭!ΑiP~aa~\'W?pX\Z15wCsDDDޛg1O9-J5*>.j<74?.fYXXIlK9.*6nl{/]py.,:@LN8A*%w%\nyg\"/6шC\\*NH*Mz쑼5y$3,幄\'L\rLݛ:v m2=:1qB!Mggfvˬen/kY-\nBTZ(*geWf͉9+̳ې7ᒶKW-X潬j9<qy\n+V<*mOW~&zMk^ʂkU\n}]OX/Yߵa>(xoʿܔĹdff-[n\rڴ\rVE/(ۻC<e;?TTTT6ݵan{4[>ɾUUMfeI?m]Nmq#׹=TR+Gw-\r6\rU#pDy	\r:v{vg/jBFS[b[O>zG4<YyJTiӓgό}~.`ۢ{cjotE;;\\tWW:_mt<Oǻ\\kz{f7y՞9=ݽzo~r\'˻w\'O_@AC݇?[jwGCˆ\r8>99?rCd&ˮ/~јѡ򗓿m|x31^VwwO| (hSЧc3-\0\0\0 cHRM\0\0z%\0\0\0\0\0\0\0\0u0\0\0`\0\0:\0\0o_F\0\07IDATxudgo;电M$3q#@E/xp\']Cpg]tqB$@<L&m%Gnqzz&!L<WTWu>W_}5-8jq8`8x@~\r6?\0m6rTw~1|G@<z챍:?O`ӣ˿/q;[U; خcwb*C]Á/\0<[mldbC\0ǏncMzSob\'1Ŀŋ-N]6wٰaOy\0gA>͛7yEb$4M;Zk1H)Zc[sBZs(2oOذa@\'pM>Yͦl4\Z:MS;cl[,<c᯹ߵaÆ=oO*&\'\'F!󜥥%s7e޻aÆ=~<ЭVK>	~!gW?]ӑNg/\0v1o\r^\01o;iZc>9ʲz܆\ru>ȇo;NLLիW\'cml7ΔR^޼y_w7333nbbBdcM	fffnLGj\n\'0Bzl6\ro`f6om\'_zuHtoleYs}-mذ}oG333 >)6u|B/t|4?\roD͛7\0\rjIT	4ק/nC~&pVJƗlcٍmw[s˫LNNJmL:J)Rb%ƈ~Cr_~xkJ)&\'\'YXXؗ\nxmE@j4cLvt|`G֍gl۶mXkmذaޡ1W 9`^὿w}߳k+ymmrrr_\"еEaJ}_{)YecnG:}(f9>xQ>B9Gfr07Ƹ+{7wyxqQUU)J)BH)IӔZ$	J)1?C$y<p])s9RLMMcD){>oSo}zoÆ\r[GŸC>V5\ZqؾEƍٶm(NVEѠh,A\'\'\'ee!cZk8B,9\\PB(2u,nZZrx!,*Zj\"2$~/%$2͗7.seLNNR˩@\'swzeIkײj*k4\ZH)enf9fw~~LOOnUU&ib-ZeY\"\Z*Z`@?e{\n;hv{F>\\jnZ/Ƙ\Z\"277G\'IU\'2v4Mʲ(\n8.6mbaam۶qwc?/6\Z\rFc<!mt: Ҕ<JZP^+v50ʊZhBtT^#c@F>\"\'xYKߥ!c hn<\\A^:jpAX~.jv$IhYM$IH!m7M	hT FhE%V\0!~Қsڱ@OTc1T-E3l-{-?/Èf>\r4OB7g\rQH:11#8~\nŦk6 iFA;D%iihH<HhY2/HcD2-bPJ)uS=q?B0SR\"aqM@ 	HZ̼R8^Y!aQ2\Zw[	J9 ,i$Pnh$ך%J@u3Lev]E@z͛775ORmBǗv7<9^Yy\"^%dMmAH $QbFhQPP@,U\\Ċ1J2jF\0A@B|$\r(6B_\r\nP0|\0\"*bE+d(=򖬺d%\0BTXzO_%3-&g[旺X$I\Z>Ǖ@wQ%^Vp*2Cg	3htLV  UIDFK(7\ZzTD`DlbH	C`#j{!F]$1}\0)	D#b0/\"~{<I`Wd	De	aj*d=rAZ@ElXJtWPUE[j$izrq<y^}~wMrfN+\npWcaa*xQdA\"R0MT\n2BA#{_DJx\0\"D  S1̿A\\a9\ZRx\"C,F#WxD\')V;򢖰G+PQx_I\\FG\nB4\\՚H<D	T-v&\"Ԛ4:۾m:t6\rGc4pѭuhikٿ@yh6@eZr)JFD\\((S9ZΉ}hU JAE\\z/]\n9Ã\r޼F(<p7#02 ,!e4$Cz J\0qm$f65$$$BKlɪj=r`l7\Zh`_z8t3/C0<oR,I!1t:@\"F)V5^UD	bcCDbCיrqU@$urNbD|\r{!!#\0F51:}#H1L\'$Q!f@>$XGh\\9^9l`\n;AlW+K۹,&as&\\\\L5VAl1.>1JbD 1 ^V:h	VD\"Aaxsp4{5ĸ\"\" P\"2F\\bAdnD!JDb;UDPFƫTBRi(	}rI]9578?}fK^\\!wo(/=	Q1J`	Zc*bɴ*w	RFѰMDhi@ORdR> G?lX;O=*d$D::YP1\'~^\"\"\'FKs	ڱyt:R)m4HQyS\r&~s&SL}܇\Z_.U&ZLRϑK)LHlq\'d@hzJR\Z}Yk(t1\nJ }E_GcVDA:=m+=qyquT1,2Q_݁QO>DF95*y]at`#*24M~J܎]c\ri{𞫾MLѧm4+B $BR|@H0Q垀c4,:yMU(4RE,U*H{EuJxÿBct k	 6,K!.9 Awv=<ʠT=N\0{tà`癿~X͹\0Ƕ9v}6~k$\Z#ү3XW0{HR(2m3I*5Bv34MiE3* P>b\\\\.\0<N2ࣶ^:\nt˯DA]\n`v Ġɢus\0&MUqtd?Om݄|	{bWVJ=ZֹTm$F	$1	iCKtD2;18\0|YQB%PAbF4Q4QdQcb=\"#uMt4+\"huC	>b@xW];[mȅz%6(Lh-iE{4tDsC-wht~Fv4&[HQ2bIA3HN	L\rĺ\nzESjK)MDL^HRŢ=$OGUGno^u@E*֡I4a\"D,^\nq\0EZHL&D@31$I$\n:!^q5EQ,mym1zf1/YeR	Z\nQOQF[bAK|xHZ\rt|OɕwĒD%1@$^2nZ&\n(\"{?a \\#=H6G7z>,WyWH&CDR!bȄ%$Ւ\"(T:8|[k}gۙgiid \01+5(H@(IYtttb>Q\0 SG]*G%Y\na uL\0gpF({bEu}JG[\r#\\zޟ݅fh(I*$I<\r?[pRnlc]{۸Gߢ?٢1M)ޡb!HBd):N@$JNDDcC	}&z:D\\vDܰy%&xE\'+rrQJI&ؤ\"̱T ۤA,s>|QhGRNylPX)ۯ T\"P!1QʚB@RI4\"4$H8Ylқl|{pxRnVR꿸z(,T66\Z+DjRE$`qD(s%oWL\\ߑtRw]\rDHƟ#iɢӒh3\'DJQ$ *E)N:B%-ȕ!)Uh[ٗe*EjLk\"?U	qWDOE\rJH$&M-.ß\\.ʍ>߼\0r?	cR慣/S u`b\rRM\ZQ3RE\"Fg,%w~H\"Y.w,e:\nG!AXIM%G@=9g\"(e Šm@;!!xBjX\nr&!JVuQ85[ qDpK}\"Z\\38Ԑqg$d*cJ59߹}hslcͼ-.xKO-6eRFk?DC}R1pDFjfyJ\'T85? 3JJ(e6\ZdNä]hD`ȔCe\ZJs}J%I V9TbȰ>\"pf\Z|\0 ],KW]E9@@\\aF_C\rHdH2xw6B/8^}7\\v9\\:\\bNBID(a4 D7\"!k$Tfb9b.={ 5=any$\nDRX䶢)$}_[[b@NPYX?N7~d~hA#?v~YWL׍\n	AK)RLhK:i*\\􁏲e>9Uťk0hFC#4D\n5Q@Dl3!OE1hIZ/}Ս[Ʌu\"^Xdމ>Nxl\"d^Rʦ\"&a=L\"bEċ{+n\0()ɴAـR6mFHfˁ@pU=~5f\Z&.{LHRVv4TLN4Ë_K1:o>?7of|AEІfITva1>GȺb@z!Q*zQG[g5Xǳ@>Adl90B?C3\0{$8TbG2󝏑d*9%/I)p;^y٢RO31h^/b܃b0#ޔS֢!nz6=谪2awoxd(I|@\rG\"ӚOpW~n#kczKH[H<h1H\"p8jX\\\n b$x!Rd,Qh?a7+^̇ԏ?L<!TsNJÒpdEsYk%-ع@;(+T>>s)[RDEUdE;o^I*Qz.%ŵ[)vڇj;uu k~]l͗XJ޸07MG䏋}BNQGS&H+p-R`=*\\z\ncS7-bwQUgw_s%7쮷\'̗<13S8*Ph+1Ԟ34^:\\Ddy`	:ޝ_\"W҆Xʗh@\\Qr_Ɩ^>J~| 8\ZU𤾞OGp,Xɪ- XR\\}IMS-$&\Z2*)U7h1\"$\nE|$)5Y	&W߭Rت@+*R9;d0J$\\ovO؀@huR9ڶM {HGN[\\J!&C@JYA∲dQv6ED!L.@Lr_N0ZOUMN_{>Hw_|긻 nk(JlLX,^̗P =]jB-Ua\\kќ2UUlAғ 6J)s(\'(w-\ZGEŖk^u^;THIYEIǀusTD@2V8fY3\n(\0@67GDc(bR		SzN\\S)ފr*D\0Vb>\'8];o-y\'KZ.{Ѓ8Er,]QPOu\nZ2Fw%)\"E$_Tx@oA)wˊCO\\L|tDQOdЎ^-7c(o^R9ۚ9zQjQPE5[\ZqbHM\"gx;a&%9UwG2\0ʣ#BN (CjP\"Fh7[ST:$Ox2G<|xI$`d_嬇<V-^\\Ke`8}\'eZG6 }pD]r4aվҭ ĐeF`>\"Bz=(\nl#7Λ<zHW`)(\\Q|kqZdr!R-%W6^B\'=ڝ1=Ab՞|aSĊA+b0Inɡ	旾~wg!s{)kZA9_aCg_WԟfSOweNy9yO8Q=v/\r\\*T B@^5m}m0aycfHc-v{QHT4غG\\mRU.1.pv(kB\\JtQDIXssI*_?Kױ}ZLTBHGhލ\'f [1$Aa	oOh߿2c\ryh|֠	s+nrށ^!&^>ye7SRV`u$*U97/6MW\\c(4RFb\\]W\0\\#\nEe-:D!!Ic;UYC1oj^a)BIlp)SV,*1zP/3}4>Vz(8//ȿ}9!ϽvJ\nWWFX蠟ᇢ˵{??zuƷI`@eTR\rz_P쿖o~eo/ƋMy㽟F~,7V;R<q)k.W,*Zcݟ{y0l߅^\\Sk&L6wG\ncO \rTUEKC7QUugj.85 KX~ͶsH)qF&4\ZH5@EhL}e3^Ӓ*jDO~c+#oc޹*bS\"mbJ0{?qDX$gg<_>(sOjρ-(/Ck\r>Z:t%Ò1 BLkDz,]|2_PryghH,ruj)I\":{Tfv\rUUʎ+cߘ}\"[]d{3@/D*ˆd])\\\r l2oJzG3Uۉo~\'Qvƽ?Mq\'<	fB3<?]\'CG҈2$ĵ㍣4O~\Zӯ~H L5qdg?]$B(a6w3>3>N@d	׿FJ8Rѡ\'wb#AV8iלFqغ31OPBC^1Ccv@y\ZpⲜc(>-v&J1pMjiJ`{OҡHz)%lW|S8z֓~,dE`r%ا<>D5S%$Clƶ~\no%m2YZx)X\'r\Ze	/w:]OH\0U%9\">BUxnOz4uX*#	*+#I4[Hd5	׻3+U$5/Q.g9d9l}S%8\\z\"AThBt$un̕7F˒[,CA+L݈{pm$S\nMJaǱCo%_,t9Ķ#ݵ޳^oh\r~jzu:`\'ǼDnӘ%lJ?_=lz{)!*D\nb$-eMZ\r>|u䥣!SJQ,5C^$H#1J<D\"Z+(NFs\Zш$d6c~\"*DӋk-ikG\"Td^s7l$!Fӗ!D=s7s}`N2/4&>)a~vhHi\"a5\\gP}[2u-l#^\\n`6GR4\\gQVXe2P\0Yդ7==6e([ROP*nAyŕ` hIleHIҕ]\"H#B麍\"Y`ƃ|kwRD\nQ3LDMeQ-%T*D2mDdD(>,=lNybT+Pb$Y«O\'sET2hu}!Oz\\D_9>b\\\n9LҜYrͧ>KUH4EHRpxҴhtFd>섮e\"8lHHlCH)a.+K*v+ʕ+\0\\/\nIP,Y:\0ƃ|1RZ*fR:C!ʅ?LC C\"mh?-K_GK{ݍ/}wӳ^&:ع>?Y~zĎ>͖ͬ/7HQitny~wʋ^]\\vrV.~\\W{KH$EF;];?-U	4du\\%H$\0q\n\n&WojUVLfQH	G+l|_Mx≯\'!ĄBq9nΓ,\\x(3A)Ii`	!%IHHa$e$TjMQQP&4j{1q+^~ΨR}\'RPV汏݂2*+*=?#O|8k?\":t]) U5[~\'G6mZ	:E<\\\n-H&&ɯ?:tE$Li|`2xac5|]FQsNMΦ/o4YP\n!  1\"x!pDlXBĻH<yUPkp[&94M,Wf;9[<$֛[CT^2T-ٽs{ы1բ\"?U0ǒxTH|i&&jLK4Jjvqw%?V~Hti6~?5(Y;>||HgyNm_N**0ϧc;\ZQH&BB?uh@ƚM(I.&()ǊXC#z.4]BK.}ymv;6\rˏܕ,tE,rHvH$TQ+*%q\nK3I!Xp,<푨[AO{,>FQO(@P$@\'ꋟ܀V 2_`NA\\|1͘l\'ݳORB+Mc\"G=;_a􊒎t\\Ps)ف%-I J:1\'\Z)kI!	RᄇUi2#%1$+һAC\nfib4m[\"<7>:1M1U\"^zA֡K=]zGn+WdH`ޕNx*,k6JԪu,o|$4s]8??)H켧e,m<|_r/9bN6՟??l?\\)\n*׿#~Eֿ~z8rz^kO-\ZZmL]#r/ۈ`RbIŞ5>}(E>\rL\\A-<喎g;%Z\0\r	pw\r*p=6 h	ZE$	NL\"_z x#DGm~!c:\r,?Hq;&\\|ҳ1gͩ$p3KcM~CVQNв1˺\'~_(}L|0[#Gԣ\n)l{tOUV$GE#EjmXq+{ˀЪνVPY:6.blcY+UPZ94	uFbPQ0dC5!Ųa>\nHAR(az3\'>\nM2P\ZF8CETUƵ9؎K0#//|Ng?ou01T5_obq	E*x$*m&\'Y}2h۰G{:]YdA \")AwOI)	!aHYuu@bɵ֤/%\Z`b>$C!3nX(kDkRYN1@\n[ڰLK~uՅS\ZjbA7O|	rl0$io/_73t?\\nmNzgN9|33GaHN\ZdɣCh\nPn8nC\Zr|+?B\"n%^i&[sۛy;Zuk߳eMp\r;>-\0c(Ϟ^u5v](jictE.:\Znb=;]ٵt`%R)4/\Z[H!JtGbc^B9{Sҧ똹=?1i{˻{?g?CvbPչ<+DAe\rȅrਚ	~Bje%!)̕א4Z5yB2yz5-%JJBjp~lcߤB\\u#\rCɸ#p!a\r}\"[D6TEAvCq2\"=¾.E)ܿJ\\eI6eRw\'Ȗ}\ZLIJ*u1?1l~[s8}oa]IR8 eQ~ЧOpp.!\nh F;K[\\IP-N[vi[*eW#U8P-EG.<zNjITBDwplcY[fousvO9frH$kN*@M9()CTACZnAWk3e4kRl4?mعr{5s-$fmȰ̬;cNz{ﻰvikCõhpդl7q?1xғB\r\\$7\n(dPtY:Ild|]cr6㚵5_QLTY65401J)#8p1WT*no3,ʉXiv0TCv)\'}@Ԃ\ZIp/\0daDcBR%di7q׾ҽʖoQ&OK3/8ػ΢\rL.ԃ/i/?\\ԧ3wx%^|6z)W\'?T#	ڠk2\nbT]\ZU2)/ü\\Fu|t{@Gb(([Rm}ɸ,<pUY*C!F	TddIgg@ tOKvsԤ*A	 JG*56\n+?D.|՛)DB +`eJt[gᑏ$bN:Xb[qAb\\˦~	ٚk{j$YPKTUK􀍦$\"[c;T<5&i,b/ƚ7}ZK₯GWVK1<IˢBh*%kYW.Hd-FJcd4`LG?Տ~6WY$6Ө^2edlrϼ}4{sYM!4#vK&~^E1^kC)eU\ZkM%jX+x(	$Co@it7n$]=K@.CEs&\n&MiL&-(@1эcc@t{~C4q%_1@|0\",\r9`Z!ćzf\\8TX]Ch ŉD]r._\n{I+/%f`;Gj*OǦxr^ǭU{ix sRw@H5_$Eֽ5*($)bE!c\r$Ĕ#C#CBJģB}\"\\\ZR&E(,{B {6=1Fk5f5C\n!~)e]3|/$Gb##n4`3_e$H\\^.0Jũsib}&Y9I79߳QgOv%TN0Z`=QAaXu	wX8O.b?/Ix̑LJ8\r/EmߧiNEJ\"*DT5;G1`1PbeJ~VIO!E>,9;M\0I_(QMсxI$K/}UT#gCFPJrU*8!$ښ&t1%kt&l}Ox!=d$4ޑΣDBZ}{*v1H$Y\rH>/\"ɴu[z5cT}=x <.jL .e	To#\0]\"`@e,~;o<G O$3	TR8vn!n(Ĩrap3tꍸ 1&%G^袇!`!-[pf *fM3f#z|s>D)Z!\rXh	\0nmP*Y̶3}mq]uY	 0$RHj&~\\=sASzI%5L%\rԠ߸cߴ])5,z	lakŸ}eR#BpkMw4Π![M8.G_G!A\ZZ*TPFO9e\"),初 _쒸c뷾Oy߹#?en }C $J=5@BEI\ni\')[QŔiF!&4HpBF*UCxUnXA}n)u;LЯ\n=:|< 3oZ1N)E$d=S	fQ!ӌ$\"Ą5-4G^֠P\Z B$Ry#%u\njT3e=^C+(8B-I	-@  sMjZrӞY7-%~PP]t?a\\)~kUaB-q.Zx!Hx,*IB#\\q!*踌+u8p@v\Zraݯhv(=@Nb%pĠ.S*Jɋ@5{uN6>}9dl+6Kb{CHI44$*{x.TkHGW^/&iP%B\Z,\0\"!{T8Rcz-\ZBD44t-C?ā B$HGk,\\di\'W}.^v3=\0uYs\0`H$NhV2{Q\ZA\nPyw9C$܁!ZBhXfbCPoɺcXmc1Zs>K/5&.207\'B=GHb@7b	?<{.L6D;1yD&T\nWBRFAP@X{́9ߏ=w$Ecvq?\\\n&of6MVGo$kYwpfo:u?qƺ-zk Xi8TcD]m	!&`q	D C2#>Vл`^|m+foy0sJFPO<%j.,\'*\":_i<wNՅTgLKi`j#Y\'SQP]XbߝC6=6[e sSG^E6g@3Dۑ_r>OhNџAe۩$^JIKj\n?X}֐+S0fh<AHR!qLBDQ/\0FGƠ20< ƽq1&٨^hW*!zD**_olPBWeN ?_;ڷ׽dCCbob3ƒ<EJ#:E	a∣Tvip纜ғU3yQk_S߇@rW0*?)I%;.{9hգ,AaȜ.>b;+i5=OrШ+^1GJ0c\ZMֻ*)GK>8S4ѷ!}SBfzS?LOJy0v!4׾DͯA\"	N׼UHZo(K4D\'#%S6)\Z#Eg2eOO&0u \'QIo!3\Z\n8ꅟkdD\n%RlTUL5b>,l\ZJHcu1oRN)2$v@i+j$L>v^Ŕ*8FK_２ԗbfqwGx	.g~wJG-[rWSE_t\n΁\'?s^kd_*xY͙\'?ͯz1ND?CqĭQ	\ZM(2o\nloT*ۣ66\\7;$T?([w\0!Vs-!AR+۞Jc~ӪT2z.qt]peF!dbjTלDodAkmq7xKoxwkxwGX\n4h*z\rIKdӗDhs-?V?\'>uG5b/xb,3\'3橏c\'\";t@O,0(4yVVׇsלp0x\\Yaw\"^T&D$(9N\ZqֺN|=>RHtBQYHJR%5eT	 %.8)D\r5E4M.\' qĻ`5%]X.Z.eQOq!<RT)pL5[>usmṗ?̽N;?!]~	yΉ~ǺNJW6^Ɵ64~[>[nT &J)*9A	(b4R׳NIpoqSӘZ6FE(R+3ZB3k`FIL5q@<zu; Y@[cB\"y*)3L8!$bd&7Qwau翖V֡WZmGR\04);\n߰xK.=s5XQ$r\ZTE~4Uk\\	T;~k_M6͂%9e+5w_{]AW#B@SJTo!E*(U=T@*T-\"Q(c]a4p6\0XA%uP)(C1\ni$2a]Ɨ{&CRILR$C)5Ge#|bp/<1kȞx\Z5Dz{1wC#R-t/٬yŉy3Q[r\\]w&\"ٿ^.xl8;eLP!}RIG2l6iOtg¶\r~郘?KI (τHqB:1.\"VDx=؀%(wN6!˜{\rfݗ #J=:!aX\ZOꬍ7z:;RFrY*s\\AAM[<ReJI$I/vȞhDs3>E&}qo|9ۺ\nBC -s~Nב\'-H}lF`Ǔچm<;Q\"*HdE7u#>쳟L/h.dGC20P~ߩ>u&YËG0{T[V$;#Z|mT2\Z\'%NȚ]gNDm밸Jv2B=4=TUM4MJn+>6\r6z#aŷ1QX5䓓b$$M]!=TO9_eo֝\"N{;diD|͍fXx[HWMzB^eo ]A Kw\"DXG{vn7s/~q;c$f\\j	s2K%ԡoO!0@PFτT2@(\ni#LOT\ZiF61s]- \n5\"a6keKjfW5Oy\ZͨHBx%P2O%+y+nn\"9j~,x^Xt~׳?e)O|읈Lv۸NQ|X*H^	l\"I\\S@7fPx9sw|$,8ز@VĴ ^x	Wa\\Dnx@4(`1Ĩ>K)\"݃5JD`֯#8\\i˰bAΦvFKazsFɚ2F:,)kUPPF==8## &Нt9!BcуbVN&ԗ~Hy\ZCҼgXU1ӟoMD*2P%x0`j3a6\\]$a=/O7GpKPwc=dG#CDh?QݮVPIK2;,౲NuBBz*,v@͒w鮅!w~d*RZzZg\rrKEA>ȗglc4&*A(Jp[6P,sVoZ&8\'{3thw-/xGGފ_k>V\Zk:oDtIihd],z\n/||{:R|ybAc7ģ-J>+1{+i-ܳjz\ZO}N2%\ZZA&ͨhzA<18R_]ơQGvad(mUÕS0O@8!NKʂ$B]0graɔB	Y#\"փ.:yD\rY}85@&i2ԩ/ŮNĤMN8$x_5_2>yf^}1uPĘ~dDN~Ad׿NԤBIe Q$2iMTL^($0L\ZU@KT+LH@\n24	>MB<DJ Z\"\ZIBRc,FD*ZQP2f@\0/@j<~9@r*GǺ,B˹fx<۫yV&6_J2Bv&;$Z;sװG!scBj3_vDhM,64mN41mv/Fܧ?6\":^ M%(]73I\Z8F٠=PRx!P0Б%?Œs˅82`e+SWZev#Rz\r8_(\Z5꤅!ͺ6^S;@BPy1fĀ=ܝ@z_zЁD\nӢ@i?44<_h4L4e_琭[G\\f뎫(w`9EQIE2PO}<n}3iRQmZK\\}8W_W}#qiu`KGbr[viE7!D<UHGCk\\\"!PB DR]u-bI$/ UM9ZYeJ\" 1Q\Z4ʒޖLs;_Q\'݆jaEYϼKvo_\n cD{GeR.R,;K<HQ~3K/D^r%]hjà@NcF{=[R˔~q@Ѻto}GteŖ|??kO;/뾴I,`\ZWVSՑC\\3tD\r	QeJK2FJ\r&56c\n;搉a((tM|X!\"ۋ.=gX1ow7!0/n)R-fD!#-x$&[@P4\" H#8a+?8f4Sx>v>tmJ\"P)\Zr(i&@,.z.{\ns٫ĶӿN1ͪ#Bv0w3=r\'?c7Ϯ/~=nGy@\'DaI{?8<vڌRDO^2P,Hs$EYIJ#q~	\'9 A(J 2:80ƀxQJXY{a}@yfPz\nNE>hƃ@ItWYT;N@AUdG܆5:vpM5EPRXaCt^Pm4O,m_Gߓ|l8b#̪{ރe]9;~#f;5āHg$k7LњiЯѠamTR DLF^OALCD_e\n<r:	3$\Z:BDk]5Ib1`꘣q1ʛE\n>d(S^\n>FʎZ-nj$\rKJ\0[pxX7cExaI\r~B[*MA\nn\'a\"k3w4mZVͬoJs~8ag;샎}u>T 5~-?+7ŀj\r%k@J80ǡ\\ %˞5KC-w,]Y\n)GbH+P\0wEClB71F*8^wˤ!biR\\w0z$0i	1TE7)SZT%ۮbފM=DZHBQMiL(\ry\\̈s<\'pIdɮ]-? xI;$z;~Sy`z?UwC\nL̶LF ).KH@hi\\D!2=*-:&JU;hg#6QzBJFl|~t(1}@+.@څВ`6m ݽRT4!sF<EtX))PDJ:@ҺIWgHxzX>B]\'Ri\\	 .L^N\Z3wqS͵EdEvi#N\r}-Ꮵ\"&|8]$W\"\nF*h*פ}5;q_ObsF&wGRTB5TFF\rf[7\"f!*\'Vz)5 |B6>]\np:\r][wA	PšwW.b$=[3:v<@)	U$\Zь)yD3DCp$Na.%F\\OQA:#>&nwֈ|\nQj*ǚfp*LFǿ罌x>}Äܙo7*STc/[EX}fɳ_ n8ƚՄm$ڐǊAQb:D[Zdb\\-q5\n]jR.1eC~\0;GQVAߖ@ǲhcZ4Je\Z$j35OJt@,+?Tn9C*؂x<}K\".͑D\'8ɤopH@j3U\'?~ُ0-ŚnD$?}ǱGK9sk\\KE(4Ph2P˷Q<~4gK+2cK5Ag+_vj:Qa!sH%~\":l1@	!쥵ߜGTJ\Z!pÛbYEDRO1x\"@=!Z0$K7M w@	.z:ܖemEneYJO|V-{5}]U]vnjjkގB&ֱCt$`3)[_&+_<\nA9wF9\\ @X	\'2n4Di-271oD3_ZD0kjSƚ\'mD0.u9\\M)p25g>\ZIyJY:?@|Q̓`JbUwy`)D2QLYtWZ^Az)(!d,4K3R1duJRQ5IL1vnoEwg5F\\܌j\ZIAUG3\"`痈D\rc0utaY22V8T7\nHHU^9^	\'nCKAj-kz<Vx#$LAx#er\"eNϞPtiLLr;[_tKlHAKZ.0z˾mo\'<>58-(˂\\ti;Ogz5p }\n#UH3\"d|>9V+80I`\'R҇>\0;wyg>\'B#\nN\Z;\Zs\\{̑$8gk!_{nUeٵbO,IU@fɐa_bʺw=Pa9Dba;.{R\0I f>BJAJo\\$hs4ikp_#}}\n<L(+}\n-LRg> @\\@R06?Oo_q2ӷ:?=y^oL==Q\'y4[4\"-#51x[wȎ8lԼÝU-,9pWu/CC\'{=cߠM%Yg\Z2Hk3^ŰG\'ڈLzZHiA&**Zd_I-\'hX:<>^f^h:YBqhgOYW+A\"[L2Kߗ.I*^0}?q:@s0z S#.\"5AYxpl,l{){/}ͮ<;p&Oy9uZM]\'l`T}bPɠ(m\\ZJY3(Cf$zZnMG&a%k.57V֛+s^@,\\JU$4*K,!œ:Ǥ+!x\0&moȯ7kXIrM/g>|\rj8##XKDRb3y~Ů%:D0<p6֬FCB7~,Pm̔tudHZK?hn-yQW+0i$z;+{$w:c}_=7أ&{3P%_fM K\n[\n#SDI|^J/7Z2)}dYEo?^͂yδI|+1|c;܅goq[|k`@L/!xI;hT6A>XXZDYH؏S\0OJZdkߌiv{_S{އ_;A,-5w4!Q0\nj\n%ꮆB2\r6FZ6֪GH&!ǫ\ZcDX-#Q\r#χj8.KW>4)+9d\05uhs;ĠGڇmz7{NSBcФxbr~z.Gͣ.;B+Z\n_(ι뽘\' %c3^\n F	l:ZKDQ\":o>ܫtؽ`jEtҚT\"`+B$u^ -J=VUbr2i;~@ R\\ SfafT9dC4b=mYlH*\rĠ*Ovd{=cB\n}M/*h@\0|E[C3q2Ztm<%L71|5;q6RjL	EkgI1ճu[b&H/Zz!2\'0hr$wKg8RWUFZ]E0\')@iD`L77\0r* ~^7__o-RA#J:Ud+\"cGJwM?\\vGgCZVQ4fp{0Sr̗>~Enu9\"r:o$T!y9~{\rkHS0ƀlok6^t9WߤUT,}Kg>NWO	ZBC]]\'z5BAP/%254PHY!bȔ!G\'9]HkFBxrOD\r9+(+XjvB)*PyM3D#TJH0fn{xT_yOz\Z7;:QH--A\Z-\n3HN:z5w`qk_c/}V=y38Bw׎5$L/Q31d-o!|](9#zje8{SsH		ar\"h2H>\"TV07͖(`\ZL{zHP-?;\n@IjBQ@h05=&djH~sל>hZU$>6GϠ)D{£ߌCnO~\Z~~PFdڦL7A,]oiDM\n4y7\'T%F)2Ö$wAԭHc&c_6R\"io)	C v2/IB2)x<\'\nREG|Xso>iǡjv/Z\Z.53\ZJ$ud!n6Ŗ\'u	&!1,\Z_\"s_>ncF-yB!+Z1bu\0ޏpT#ŦܼkF,pSHO{hH+RVT(0\Z֡Z2DK#HآSrWq0{ﻎo1o\Zȗ[kҡzN\nT!z,\'dc zz0)\"ړ@.	mM?|(6P]VN\'f)oʓN{~*i&ih-޽xU\'\rOJRMQ#2D1d|CS~+&Xt }̮{|Iw-t;⏹-;ޙG#AEUn6oXKHE/XX-H*ՂR\rhnPmW@@$IMH#S\\)l{#&=d>	^@\nZeSm:-S^B#8If#;Bzb%z[!9:&!PxHM~l~,\\v1YIh!V/n+]RM\n٦\0t.Y=! bTF1cbI!_\"+-n~şKZR1Ny%HԠ#Z*\nHhm\"J-zmWSy&CF\nHcÑMD=Y\'ze)t2Գ5G\Z()AB\Z)B4so|c,BX$\rmwf3w3dᰧ>cJ\'U2)>zR$rZ!Aau?ݝX%A090\"GPDA#$Ac\0TP@aٜgvgvB\nOgvvwf|as]uMwOuuSn=/}Dʭ3F7AÜ^)G0-s,-p芫YJ{ںEujG$`X\rqJi[ZvU	)HXw\'44̎z\"*	iY)\r1&FLZ	*liI9y	 h%3wmJI@-y:D3`/.\"2|[M4\Z>Xȍ`_vNa.o%\r-J@#!0-D<Q8[32˺sߣ=Fß`adk\"()A\"=\0}6 <IGgR\Z\\2T~(zѴ^23#@)F*uȕZCʷFJHL=4AcZ2bIfh!cD	=,=ˎW>{T0p,=lH\nbqf ŭ%.YX̨|͕+GXu\nν/<摬|#0Ads_(_>ʡ522TiBe-^E6>U0YCe\Z&׼yj挳&K;2Ŗ,9X腱,SVg`*K`Ps =[#l.Z&Ad;9Yt4:=t$(QņNV5t\Z+8qѹYghZaPdxx~_DKn7^5\'nvrebY5[qhHwNbDvDVP7&|Kb.qՀ\'o	>bBi꨹4ne͚l!)iӵnǜ{vKf6	|bZhD\\H7a7j\Zb_x\'=KLx墏4ѕB\ZPQth@_&敎Vx!ZZ4hZ2\'a|Pc3VjJbe#CPm۬㯡\0#=U0h/#6l\\oG3J@[(Bv4zL|\'CKG=<`}knAKAIoy}}bKi!BD:obphIoY*.bc;%;j!:C85o篼Js{8,YЍVZ(J(iq\rKdN}}8uFc|%골.{՟r3Aq$;*N79!3s:sz~6/Egh\\<Γ7:5z:RHbΝALSYgbiOXbBJ\'/pv#$y>ym\"\'3ٌ7no QJV2MH(0!e){Grvl#u:V\\;,j.C-ʻ7Q|DI%EEo|+V7_}\\wNs(eC{FyB`}jRAkQHKĂ`[pErK%BțBmy\Z~m/c t)j\n`,\rFA\naiE#АG93nOʜtO;a	2t[M\nˣ8~i	܄(\"I[M4^Z߶m쥯-C.\"CI1Y<<dPkg>>ﻌs^G8Ϛrb@+h{^	*hD=:|򬃐C}dsW2zo!*521h)\Z5\n+RVRaq-`_?\'RR5M\0EF\nn#	KDD*GqTd0\"-ʨLcTA!v``{=\ZwW!I\ZP/?x)g˾ֵX|WBs߿eF֖ZOYd$<V!\"|Dğt	&?]J@NPw~[8L?|\rLᕠ5#2ڊHja0K\">8,t\nJQ,t{L8)1hL\0Kn-0DutY\n##h3uO_M{~ۿx9}Q ׊iyG<Gu/̖h5{>׽,\\t_\'?,a\"G{Epk(@92xJ!1j}0?<|`(:UcWo$kxK0_Wm,ˈRlQK%BDa\\>P2GQ>G12Z_G7QR*)zıbuԘkN2$T-6!%&JFcGNOysɏECJ9O8LE?wnxYۿʯcqӞXyUݥv\'\nOTt&kG],?i>9ʅ9JYG1-#.J/!oQĵA=UOQ%qdGhZGk-QDrW3yy4Vȱɥ&\Z&~:5Oqr)[B;Kȵ2K_cht\n?βbFi?M}5h3N</>zΡ:|_{=rWs%\Zj6EjPEn:{.C7IXw=C7ψƠdsnl p|\\y}QlJ`bo\'L *MCN	& O#=H980JA{=:G?!I?8zD-S|rpS:=1\"dq\"Q+Bl+$-ֿ|JǶ=Ư ?^1|szC\r!@%}SsӇ[_nҗ98Ҽ/рF2IBS@k>GOA\0]p{/g#e?HCT%ULL*DB({YKmH#AkGD0<7d-PIMXF\"A4(\Zc.;u2:9\n\"4\"Уo-1r;,<SDEb{ꋸ]F_\"CZXq<yG{EpU~N{H+Ah=\rADl_bGsJ6%YNRde\'M~S,!s;42\"48v/)O0ɋt	Ķ!%4#杁|۾eٰA)܌l=xI4>G2\n~\"_S-N\"*M\nDHM#׊&ցF)W=ԛ1N27yhJs/sO}b9*#	ʲkqmlA9NcN#PѢ}2bdDXyO=vVs2Ao$1\"R\r=\rȌe(WކA>ړH^TĬK\\02\\$[8%`RDW1)M *Gs_ys0J\'-	\\<nهH\'K(9&bKnBN5]|ҪƷC/hdSx<uhAF2WW\\W:Yu,>)&7>JgAQS*g?Am`gÃ8R][(gqۅnA;i\n$b߱{pd)% \03^wyiCGJehGG91F a\r5,IyE	9oUO-aYeRfLSt\n4)(\nM%9N^Љ{ύ^	ȹ.e},f\'}!d@;WΧ#dVij%si\nIagfǟE	50zFTCZ>;krm[=eE4 dXMΑV̐/&z֫!EA#cmBߘgw]@D[|kӨu<>:)9\"B\Z/^B-B:$d7\"TNy+Bt_mgj4uPq*O9y?\nuX3\r@( 5UPVZJWhVт==!ڡtݼ3\Zp\"Д=ףXg;^K|e{W_f7`Q\"\"\"jnI$R̎V0Xbcɻ%LHn#\n3π~Oy<ϏKƃj졣4\'@GӉ\n\"MeO-5]*9\"U4<!+d5qoJ7buso!H1Zc^64]g>áJ\Zp`.vg>B\'\Z a\"8jY\'8핿Η͏_x!6\\Sy\\TRߎ0xm[96BM_xv_r7s^7{umU(mPyLJtHrB\\(ȂEh*)lL=i^B$-1LT \"(j8~Ŀ|=/I~,YzQ?|ze9GYf5o⊎~/%F>p5_47n4n0s|\0y\0z2Ƶ!%\"F2$RlGd1CK?P9C{ݒƈ[BHF%1W~me^¡UYAa@>̣tAN-$шрQ۠HS蓗>@pM%4L$z$(q\"H8A!D8a\'IM5;w!${ca;\\7+|>eM#\'xEf<$F@g*5MFlrZ4J\r5YGӶ{0Ym]62E.--w$<qiYhIȖBWf\\b`,d9&cG04O\nRb\'DBBc#zfÍuFH\n&u/4\rd$ė }:#Cs`\nݿ9__9ї5ȇwΣ{!p.x vbbI]\\GPzǦBʂ5:&|!Z)RDՌT8SĨ׎TZ-`:@xtbtضF/|y7=	>BYC \nI-#6!h\"P6ZBth	Q|7`<*z(2am4 ׼Kvי{#q9u]TJU];\Zr泞E[.gOÐr?!2dNQw>c`zQC.\nRQtE-#(3O[XgQ*lV&]ۑ\Z/ 8(a)Nb\Z7}\n-?i`π~>^pMWP55>pz!hv	T2ȢF(֘\0F:T_g}>?P!{~2gZD8۾O){%Hķ=fNX6X94i\':!{^xԬ(lCH΀fBHj1ixUWaVpޥX!p.Q7Y3FMtR͊/^>{@$GDH\"βvX/]_-ƔڢM<-=.y/;J3~P{<8KKfES#P*R  \"Zb,?<xDaHQyTOc7(g](EAۯry{i!Z%-Q]HR\n\" rV\"\nsɈ.}D5ײ03>x\"E#lb*Hn\\iyW^mkUXƣNEHm[$X\r}n|C_*;\r;wqC\'ϑW+~91*I՘*#d[d7lKx@G\"?u>&ޅ⻞KքӛGVQ~JpadtvʩoXS\"-#\'k!G	`9-C8f}b~}vpU[UY\n{Lr X\nU!\"̟yݳΥ˿e\ZZOۍIu4e\nm`Mn#842JF8Ӭ~fZkG.UQ7q3hغ)[α\Z/TF4(	&Ft^P5=4ͷH8HoYëVtx/O\03π~¶U)/rm0*H\"r8R ]Nb*ԍ:d-\0R9s=ygwcGܼPvu7cEWѬ\"m(TQbn\\\'c\Z3CBfYdmSai(2B`+Yݻnhr-]*m	4&n@\\1rQHVG2`JXzYPRw6;\nAe[bi6ZeGFi},t sHªuR6xjP~*D[Qzy/5nF]Y\\\r1ZD\\AWhcJ׿uw[?_er`+RP)Ț`:?>FcNM2%SPJ\0=6Fr\n\\NGSWEk1^Vx$jY=A+˨9t=*t}D\\1S\\#7Vi|+ȧRIHO$~Va:-kҮ1ܱү{/8<xtA#\"%r&BE.%t^E?/DCXQ1Ƭ/1Xkp˞#a>V̙1R;4\'\022+Z1\n.zi*EiSԚ(A*YmjP1ZY>RO>,t?i˾v+<q#`<A2rzI$oq>@jLܞnSCH41|\r8/ߎzX\\G\"iK#(%.gm}><덈uy@7%Gjm<euN%C1$n\'@_;RlǪkR\\xQ}|[aY9((DD訐x\nZֈ!\\Mk$\"4#g*f@?!us#CǍRRw\'xěM>?6ZJm`(0#GEA+/7YBs.AFE %418Ef=+]nG~9m<%\\@6=9;OQĘjvX$0>\n9oUאڶEkRE\rNl<$Tv^(뚺C&kX˜hO@dYRi1tif3s,(c)\'1; J]ȂP8	H|cDd,#^Z6fu|9#]ߋ][GH]L[0*#d6bdNc>a/%raC{T(\\HՁCq,A@GgA1B:c$9^B)\"\"ĊH.e0tOE;zYxlH@ϲ\"#sXLVni}@kCecHyѝь\r|6[aGxG;I\rT>QDuK˯{k$cv׼QD9ɵsX>)-{vM\'sӟNz[@xBjRTQg׊&$<.Rbd@Dc@\" Tb>>sd:O@L2~|=Rc0ƌu@da.1PyK<4<\'ϓ\0}f3,J<SܔBhqy&dJ)\\t%\r	+;nx2FQ7`q;:5#2Ι7[ƫN\"灿t6CDAECȶ!DhnYjjD\nÍ  $8CKSq1Mq%2-Nz1&y\"QED%7جGX3˦ 3>	{sHnzհa[V&p!\\ǫ>Ñ1W&/0mRLt{8OGf4\\FZe|3u!0г#a]MdXD1RX[gObx	Wx~5::\Z%Q:CH\ZĘ_3\"Gb\n>MU&5=i%1HGrȣ>sh(5\'@|阦8Rl+ԘjRVOn(ī+Nxw2Z<#;d9M0òlFK#o2:Бo4E\rx&黱\'\ZAs~ 87)h|@9t\0N)FD\Z9Q LdRlpgJ~NKE	V۶ȃ[4ՂN|s*<\"m\00PJf@SяwI	(PPDT\")SQ)%bCɿ#wf:P\Z&\nhiIekz#s܇bB#ڏ㢟ixӸЇ>޳i\"xx\"G5VN=Spn|U˜&}gU \\M:4bYv˘PCElmptwC\\M_D\"&pG3ͨöKgG|Oȓuܼґ(\r3-\Z#RHLB)Cp\rBK\\`gEID9M鐱%\ZQSכRPKME<1V&E\n_ƗHaE^Qˌnߢ>pӞu-}ײ++3LG=`BC[+\nc_㿝4Lc#H2@\r;0 \'y)t44B.y(9P%mihQKT9lz(\'Z:znfIYvn6Yʓ(E:UdJCkq\\>Q&D}Z*hsI<ޤꐛMdؠ4=b!koV6sEt#yyaoO{QK0:22]w(m,\naqisE\ZRsÛbg$Na<\"ƴYǦ-zVJHҩke,wVznGmMJ&DvwΙ<]zr-\rM۲,Xۄ\0MU1\n	-%rZQ9js/>a\\\n9#iGXASE<Ld$wRsNgV#D(p e\\%nR./AyӍX0Ǡ{o\'QfCK%FqjsqUXzdgO;_wh|JoYxlxrȅ!6AQo:3cwi\"uv,0LRTM(Ĵ(!xTyC5	ζ?\rK[oo<jd4~3!1?>\r 71sYxғ͟N-~Xєb䡓APܶ*ϒj(_{#o8u7T 9Sl\'w\0Q^k3vOێ\\ -uc(r!6xv0Qwπ~2\"s:簯)a\0QJȱLWU(Ȣ@MYϣᶟF-P<1e}_ag	w(d\'r)mll\\q9?;O{|Yp5~E\\{;8ö{\"ۗvQAh 暺v8Qsł|o\"^w#R%%hIյQz\Z,-\Z$2E)9\\O%RZӽ}¦k<)^	s䋐D!jB7xmڈy1TMz<bgwr#.oG#Sm2ǈԏ}0c$}\'L~־x9U54䪷	ʇ>StSRw;~78ۯg疷\\Ĺ}?2䶒^wB&|XZDQp+W\"/{4q׎L\"Ey)!~8@Gb-_!Xk	5mP8Ԍhog3\'OA/&G2HI+\"s!I+2}1-H\rA\ZN[]^l<9,vJ}?d7Œgt\'\'?ӟ$}c╯榿x3_˯b7љ2nmXݨ[\Zx)Ɉ2-sΦo(EDd6wQ07hĘ4:8R`܍!׻(R#!$ޏۀR \"돰y?QfU{v)ueu{uhA\"G!^ `Yd[zRFEv\"ݛ,(qRf0Wa`,~SOg~0Ī^3Ϡ{G\\pMWro^l^ak7ľkkb@\\4k(Zпr\nV\Zc@C1?^!nPc!(˒bvOM*ݹiQ%sV6*ְئa9wԆ3|=JNJVtfAd!	q\nT¢{%1$ITBp8xу@%F,>RĎݴ翐+w\0FkH3Y~K}~H~ң1?ͯ{==GȩOr~b(`PD|4]%uJZ<#w\\ܗ^Lr*!yȨ!jQ^i*-iď+f?\'@e<fcEYA-Atɇ&\\Ep2`k>wF81=oMrCTkZ5`\Z`ǃ B*wG m\\D F#\Z2Įmp%#:7l<93|iw\Z/^O	=P⋉!wNl>P<~GhO=b3R\Z87OW$UG}jW\\G3q%#i!Jn8g-)v>I/1f3e\r]x_2GzЉj2\'1Ճ-M,iD+A>=_%k-t\r\nv\\-Ƕ䄀(U 9ֿJbKh8YF{*tf.?|9D+O..~ߟs5̝\'F\'~>v>7}O6J\"\"o($&L){.\0e\"\"F:&f:XhږiRA<\n!Ǉ0ŧ\nim[ڶMQh\nIi5&0}$BQB(i fU|kURثIQ9C\\\"󨇳ysiJFE/he2^}XG5WHpo[zĮDSh@(tUWg<=cu0h<8NAH:6pʹ~9^2IIu!(\n1$qI[T(L*P^\\&{%D\'}uH㸓\'D\nKJh$cnc(g6=A;ι\'aZQΕf.+>:=Jm)]4*IɵodNYlYӭe,4ߤy2X)(G\rUdٶBD8p\"C!d5}j>#l#9]_فȴ	y ULD8j褽q/M7:֒pr822P}c\"\0XOqg)SU^ItD@ZkTQC5`V2}emf3,1!y4o=Jm`ii2D1rڍu(Rjx)%\"\Z2ǖ</\Zk/]QšdWӈ7SG3::0dQCcZV:sdUƵ;+s??c }2O\"Bba2\"KZF4Yƶ˻x\"]&Ӧ;B Ga@9:\0Rdh*\'\"8BGg@0B\'\'!\"H-\'kqOFRdM$:ulfgP`hLJ[_C}(#ӭ[T\rˏn.˿Q4FK#_ X?_B0]m&CT\Zj[_w?9B;|GXOYԇo͓ǌ3ND]ԑ5D_(ǳ2}F5%%/!HP\Z\"Fg`[h\Zbkx	euTMM4G-GN&ιTPLhF*9Wsh-B :TQrʑķ[1\"]8;sۿŅo|Q!}\rAU\"x~?cu`oY3hD|@e<7aagr|3\n9:?JO˔\n\ncӑ.\"Ɗ!T*mH~v4[j!\n@ԣ(f@G{^[91	JA88%qu\"YX2yt\\%kn@fJ`~wRtXEO$?Uܣ&hMP#<%1\rn{o\'\nMeao{[);Ezˡ.Ҝ~6-_eQ7YBZ5IyEvW{o~S02oi%:E:*D 	`Ecwaҗ/!M6У*YH/f7w+!wnf<ûp_!yE_H2v-Nb%;5WsqtjVXg|/aDIgkW?Ϩ!^+L\\\'\"iԑ?z;AYBy\rBmkWp?\Zg] (Q!Qt˂}|#Bӆ2Ey!Q7]Cՠ&FQ\nN,4c\'|홻t#*GTHq!GK&!8\'U+Ō׃Ŭ>n<O&h\"Q\ZmH\n#OAJB+X&4B1Pt㯻H[`eilw.#b-9סZ奯VJ#5U*cr=/OGm Hjgb4ZTWPGۺ\rnC=BRH82I*RE;=D!FJ$!M\"\no?\r/ĆRjLkݼdGPl!Qb&7A E\ra!Z\Zd*ߐ[b:[o%]DySΣ̣7kT^P9EAdpJ-3\\S?ɁkL6JDzGt}*U3!з \ZJțg\\vTzSh%y12C\\pKkV\r=x^=$j(U;Y0P<mh`gt]J~x]j6*n2CУO(R8ba^Bcf\0)Qq@=&$V呡جԆE BQƫB^5,{D`L5{KM,|?ϟ?3؅\'J%E=hd-.1溉~̍4Y	\r	\'}:Nkjڊ{,ȴ*@(QR㛖ΣNM8`b<c@-iTt2pYXc6f6I\r4R\rV̗>8si)`Qd1wbethil\r^V?Q\"rDo$]Ʃ3vQb2i<-..yԭ~	=l~ˀ=D`a#dmFSJlokn-DQ&<zHD.Z\'c\0lHcwT?FzASc2E)Lފ9b!LnU?W1̟π~ɍHA=HMSpy#m^EǆAH9:I	ti|3@. @\"\ZdW5*4i^==mP8vErPҠ]LߟɵlA!3E.HvTmÜӿ0ʗYtD&V&.5Aq*ٶe9ZM[ib[1VnQdg|:\n$1Z\r11-G\"Fm(,nJIG[\"D\nmX,{,*9yg@?9;n)JF`d	:3icP❔Q1jk:.H//.8,Q\"#\rVDe۞Ķ>^rfpK^&F4T.;\ZW\r῾iwF[1_~{[4#Ў\nzz,Bm*Lv`]Q⭣$Ѧqf\\S*Xϙ,ui7Ц(	2鯯3<:}]ԓr͜S1Y;m^\'d~:ʒöBבd\\o2F\\d`\nٖ$k1$RB-v_Xa+Ȕ#8Z\'8})KsAL8`$\"utĘuz[|H2ebp>3(:MX*ۢuE!c$e,g[`xt?_ز`QUl4q>bښ:8%G4x%\r;tKm04a:n+k\n+u@[KT(UjGčM8lKyS/%MhZ\n̠$0Gkt%&m!!>}Đ?H}&8ژbȪ5[\Zg<j,r&YzOQ%=+R0\ZgqeQ[=8|uaö&v2\n1߀-tA-,B3CgeZtNA ;bο<awФP9OMh-J-{	#*R\r6my @5̊q3<ȷK%{yID1鮉\ZlERR&!yɆ|36{O~B52nvpo\"tYu߰yq`KIgH0̕DnT6Mxd`]:HZlWmK<K1z+VnvP)؈Q5#	9dBD3!z IǴD`%JT\n۶aeGy)GWf6IysB)d!CDQ$C#^1<pdez\028>/g3GԧQ!1g \r,>2daCl@{IU5ʤlcZ>Ku\0jgɄMU5IsMiIm6]Щ\Z:,G:Dz^gc.8.mxA+lIBl{ۂtuLׂg67TUʘL}N#zG5^2|OWB޼l4\rJ\n~:\"EFhQ2FK/3.瓙1GYMEkM-څێ`8#D.ӕ9#g\rvnm~8FjiZ\"B $W3	pA@<m<;lо<D2!I>6ݛ;pΥG	\\k	h`Xromy=M?Ǥp9Vl1{FMD|P5qH/MhQ:씃Co+^ZׄfDe*LiҤX_u_x=۞<\'\\FYH35`*)&HSrlĵ@O{9xg4,\nrcα=b6ZZOy<ShwYgNPiL\\I:SNGn\Z3UO\n\0C}\\$Di!T<Bqx\\5.cSĀȺYˁ\\pbo=lVFa\"%m\Z.=aOsʡ}h-b^#3y$ZڊuӤzwfH%f91PD瑹9<#QvՖAiOC4P@;.^[\rcTF{hW)My4dHՈI73lπ>/Jޢ)JD?XO8TiCkXD19u1&1y[M,띆(`9l(^|/\'<BdŖZ\"<]z|8bp-r	ڈ\"FJV(e@17XirN~woZr]deG,*8M*<qcĮ|,ǷGo1FpȨ}`Q֢	2I\ZU`8j4nV-ƈ42J#6\'&-EO2&aZ\Zu cDBe#E@)\nHA\nɯo\0?m^+DSQ 4_yTrw=ӟl|JnO܈?NW	D-0R{%C481O|	s<\0=@{PyXv=e:ȩp͐{%1dH7(0dFaB(FS,O|[FqQzQ)2UqпKlLrq&pcol{hH~0޶ŹFxR\'/t¡}t~]|)s(8ԘF(\njjz3f/^DsWbWy\rl}(E4};8퉏G6\rM?5{oeKV9t蘜h<̳Yy01zcGQZѬfp\n#$*H3.XaOGnȡd1Gh\'#{	d<VC\n`=~L!\'k{Wjw)ˬ0╜{/\'2nePY;]Pԫ\\wSy)=R.XGÆۡϑ.EPA5B\'?EG,EgA#)1,7\\t؆*|HB}Muͪ\'e͵\\ნ\'Ez<.\"qx|Bm<Rnr!W\\jL\0\":0r9>אoӫ5I\\gRP\0A|K\rPȘ_ig!,QD50hlԸ׾s,뒕HU{xKx*MX)DEuNczZ6/Ya-YkEȴ!SB>Iyi];Q>BHc[Q&-1 i%;Ev;C?!Ĝv>-qL*{!OjtW׸eg}s%CUEwdɭR@&5,p.$\\UK6iAQŖ/I!z5#AКJ6(PPڪ1n;#20 #GN!?)$>VJJ	0*Mad5)OE y+l$.D\ZkJbLJae6TWjNdV#O|؃&uQ%Y7Zfpt&,YwjqE\r1kIuӞH$\'>XcKY\r73D!u$-S\Z3j\ZlXj%6X9̣C^;\ZEZ0h!Jj~FSl<GE\'1YEn	q\';Cw̍:\"TC\r~/kPy S2ZY3\rUAFt+ʩfvB<N*΁sk\\goV4Qv2s&r%aKi5JX6@%ݝΡOL\r޸\'F%i^tL	DP͘yG`7ZQ(2E-S+I1&\n8VRc#%ػ+)B*n	 \0dY\'\\\"Yȴ\n<i?>VtMOi.{sz(sA	Z)!{2<Q2f\"_x+ͻE/M] hE{\rc,MZ!DAdۻ|zFԁ[|q-#g@\'6	)U+vIS7-Z6%{7JPa,Z\Z|1ƃ2%d>mk%=+AB,RiF!TAi&Ւ\"\"LRxhw-Ws:<AO8,MZS\'mam8x fnJi]a*cDN#NI:c^4nP0 G2	Yhi	1r\ZQ5\n\'@V}\nzn:<t|g]\r&,Oϭ%3%XyO\rMj*Bqt>n%rZfuLsq$ݜRDDD3݈2ȴ\"kTrȩ77ضLy)̝N!G23C5}vյlm^\\.ذ#tsEzl()@ʾ{2mfC	(dM!%R)M\\)PK{ۭJ:H\'t-u\'HXO\r\\O=bv΀~r\0䎵s\\?($.M)\nLhRuydG%\\(1R\"\rFZ1c1	D&Z\\*0.ZH5U\\eRzCn-(p\0cq̓$ҢbHlEa$qeQHP9M (2*mCS~Yu,C+7Z#&SXFRK/5~57g}A	j!5-68R(\nh;lGUVq2\r#[#uT8\"`\ZhH\0V@9	GN:1MHQ2b\"3xg	!H\r%HT2Ĉ!%.Ft\\\"BAQZ`e @ખg=O#OZJ|6f+zSAP\nVӟ56f&iFR#2ep-z2m3҉o\"Ž\r!Z)8x$\nh@4\ZE8@,Ȉ\r$^\'ʴ>t.\Z#-wc\0p(%RBD9ngYtJy|SPKx	#{b\'ҸnfxFΓP1R(M[LSQEa%gP,u()\r1\"|om$IE5=\Zկ;wDiT{wǎ|\09DCqGk=z17zihV\\rߴ,dY@SHCi<6IBTh)1@&d\"tW7N/S9˪kFG&\r54B`NaQA2f1/zhAFI\n6Z0߶DȴFkI-,MA@7f\nlȵݴףqOGOж-kkt!ZO>D8u1:Ll9t(8Ԍӕ~DUpx.Qݜ\ro7ㅾ*Scw\\0aݤ6H2.r.~0CL( ((}3kiQ\n|!Fj)(pZ0,]RX!h7âdBzϰW#N{g!$\Z[ee{QA/(m2(6l.	>4AԞQm9GђygZGI9m uN\r!:Q8Od1?{8qj`yW\n!W\0])1,hÞ#|=P\\CG=8#[#(%pHEE5TKUPHm4O/0}[EiDZh1k%`)$\0B0Xr!i}2Rߟ@&3hBIIx\"\\@duD8#Km҅PdV<D. &iZ!\r}Ȥ Uh)#l5f,KE%ڊ*fZNWjʿwo]j	[f	V5p{-\ri|<)\r\"ܺ9©\r<\rd%#r\'W8ȲCH&;ւH\"6|\"\"2 	\"g,HOI0b\0Q$6,6QeIФC\'H\nDYPT)`}ǆ_f?+F7#C<yDHIZk\Z%Mt|d3xB&ѷ֯|3Y6rm8hHgDc_t(9CJfܽy-\Zx]=kr~+ěgYFQt]:No/eƂT7=1o+rmY),YFQo\"U-R+;OtuɥFOw1⽃ɤb8vJ3ށQpcz&Q\nGi\"IE-\r!]\ZI-3i~y>Ye!q-S\Z-4k\ri?,.AW7L%uMDE\Z|\\d{_Aᄡn@̟:p\'̳u,%eYRVOTgn׀Mxmы뱰:~8 ?zhz}io᭷c+ G7C)EɻʏX%&hm84r+:-#	2H1	Kh\Z!&߶H^}ЎC+3kF5hۖhRihvcD؈\rmQ~\\#h\\9#Dݶۨ{g[UPJ!msssz=ʲ0F;Al~Mgu翥In,)З\nk-\0\\uבJ\\0\rY۳3ظe/jٷ&jV(ø<sy5>%&Ya;Fc\0\Z!P\nњVi-\"1$>:@I8I&DOEDv#D:\"<[&Pmp9އozu\'VNC4x~>G\n$#Es֩sNL\"Vthm7߈Қnpβ\"KKK,--177GYdY-_C3kD\Zݖ쬍1F\Zmu\ZnMs9_(:EiZԥb?oFC7pukaC\\]1\nYt=69BXc8҆g@\"QҍdAM:s<1:!\\p!\"h.~#Ys!2EQж2Ƥxg$<s6` \"睁鞍]\\$ea$X9GY,..پ};SԣB#m۞S?!wi\ZO^T\'lrdY&шg?I.BVZI4x\"KqnbJ,ѶmcZZgM\rC^quz|CۤAI΍a1ƱJE*Vz\ntxxXgQBĲCA^(,PUUSI(\n89-阒Qhpu$#\\Yl֩<YXX`nn%oΝ;ٹs\'zqT+iNݻw&3qW@[蓛;2:δu!ޢ((ǅM}Wr/(\Zb(㌥HFk2n}b@ƀiMU4nO#!%\0<B}7N\0ȵ!7Af=Mp4*F]CjtG#mGZi!Nxp+7h)i $^XACSBrmɲyz]^^z۷HӹWUUPG&yѸ-O6P2)LZnJ|emm~O?`qi~dүiGi`$N&ٔBTHѺ%\n-4RDLU[HSRCzGh\Z;9@b$Dp0(,)Bh \"A&`q>8NO5Zl<HzZbC^	mD8>`TDq\'mqFꖼ0T:!!ɃEDPZ177GannyX^^feeeXXXa=]ZATUE\'.m^7!WWW77{Ӎ{Dёu9w.iyh\Z[%&{b_HG8ne\\6]c}ح\n[g\'qGFܴ1,Kva;ֵmpHIQQE/tmNtX(>\r<ꮾc0|\ni<)r\nn;N믿s9<ϧι)hC4M3\0{?-1oHι)cCis&_1&7td5ޠJ3N\\ϙ<r5\'s֬g֬XZZbqqqJt:yR{\'ߊ)޽{V>)ralLna\nK.$Q5My>= &zG{TQ-^Or\0SI09\\Bo=i}0w^zرcvVK[z[A>\'`=@?ظW\0}4q\'^kR}x+\ZE>.hRJʲNmPxcy\'酵8vSOwՏǳ;w@;b99\0ɥsnWT{TnrVVVضm;w<\n蓪䀙v}q~#aIwZ^^saTV,Slzh4U!|g1ryM~מ<gZ>Vy+ؿe⵷{M4zL	\'CEj߾}G=*T-2.ӊ;ؾ};۶m;G |r\rO>{tW677)^7tl8?	&S)EF$L@Xਡ+D1rYgMA=9|zԭ9[755\\k֪Cbr9)[,Ȳ<ϙgyy;vLA>9u6\\J>[?9Ws7xVWWپ}bO0iC,,,%<Mh:$Fw\0VPmOىZ>koV\'?+&Co~\'N~dk3st:)wYZZ:j޼~z<[]]=Jݻ?vW@x)wJMӰnwzcv,,,0TUE4)Fǂ}+sN&oLrֈxߚjLr	\'\0ڹ\'=f<ѹ	;x7\'\'FOs4\Z1\ZN<{nmm*Mug|iwu\0ܩ^q%w,>EQLA^%Ng:0yt{ʝYUU\'{{gϞ=@Dnm۶MpR䧓vVO4wkXu<O\05?v\"+O[cy[+1<?\nǂ~}\"Ch6\0wWswȍ~С{-طWeS/=ؓC`9	x[kNC2wOƻOǲY7br\r&mcϏ}Y]y\'t,//+c\\[A;wѷ뿑4d+&:vwXqkK5p}uud޽yw\rЗ\0O+twxЭ;^wяcO4G\ncYtVݏX:`/pݻW	w:p{uQXu1X\0\'},x>DA~Oc\0zwl{ܼLu}kȾzx+\'{L7=]}XǫHqo=֝|ݻ_|wO:Q؈~d~Mthf\'\Z3߷`@?Qc\'{5wCPq\'Ӂ\r4{ƿ޽\'|x9X]]nleI3^idH#ʓ=!/\")=\rCC!Qd_Igd97&+N4\\FB=9f6{l{IޓoF3?\\ilfWM>|#}=k{2}Ӭ\"ͱΞ{,B737^3ۿ/dT/iuf3ۻzS\'v5C#o3	?1Cc}SM_?K̟\0gfvF\Zxi5}q\'je$Ǹ?{!c8ii-\rc-;$]{bfm$/h?|4UMo\0_=X\0\0\0\0IENDB`',1,'2014-01-21 14:07:09','2014-01-28 01:09:46',0),(2,'Pasta','PNG\r\n\Z\n\0\0\0\rIHDR\0\0\0\0\0\0\0\0\0r\0\0\0	pHYs\0\0\0\0\0\0\0\nOiCCPPhotoshop ICC profile\0\0xڝSgTS=BKKoR RB&*!	J!QEEȠQ,\n!{kּ>H3Q5B.@\n$p\0d!s#\0~<<+\"\0x\0M0B\\t8K\0@zB\0@F&S\0\0`cb\0P-\0`\'\0{\0[!\0 eD\0h;\0VE\0X0\0fK9\0-\00IWfH\0\0\0\00Q)\0{\0`##x\0\0FW<+*\0\0x<$9E[-qWW.(I+6aa@.y24\0\0x6_-\"bbϫp@\0\0t~,/\Z;m%h^uf@\0Wp~<<EJB[aW}g_Wl~<$2]GLϒ	bG\"IbX*QqD2\"B)%d,>5\0j>{-]cK\'Xt\0\0o(hw?G%\0fIq\0\0^D$.Tʳ?\0\0D*A,`6B$BB\ndr`)B(Ͱ*`/@4Qhp.U=pa(	Aa!ڈbX#!H$ ɈQ\"K5H1RT UH=r9\\F;\02G1Q=C7\ZFdt1r\Z=6Ыhڏ>C03l0.B8,	c˱\"\ZVcϱwE	6wB aAHXLXNH $4	7	Q\'\"K&b21XH,#/{C7$C2\'ITFnR#,4H\Z#dk9, +ȅ3![\nb@qS(RjJ4e2AURݨT5ZBRQ4u9̓IK\ZhhitݕNWGw\rǈg(gwLӋT071oUX**|\nJ&*/TުUUT^S}FU3S	ԖUPSSg;goT?~YYLOCQ_ cx,!k\ru5&|v*=9C3J3WRf?qtN	(~))4L1e\\kXHQG6EYAJ\'\\\'GgSSݧ\nM=:.kDwn^Loy}/TmGX$<5qo</QC]@Caaᄑ<FFi\\$mmƣ&&!&KMMRM);L;L֙͢5=12כ߷`ZxZ,eIZYnZ9YXUZ]F%ֻNNgðɶۮm}agbgŮ}}=\rZ~sr:V:ޚΜ?}/gX3)iSGggs󈋉K.>.ȽJtq]zۯ6iܟ4)Y3sCQ?0k߬~OCOg#/c/Wװwa>>r><72Y_7ȷOo_C#dz\0%gA[z|!?:eAAA!h쐭!ΑiP~aa~\'W?pX\Z15wCsDDDޛg1O9-J5*>.j<74?.fYXXIlK9.*6nl{/]py.,:@LN8A*%w%\nyg\"/6шC\\*NH*Mz쑼5y$3,幄\'L\rLݛ:v m2=:1qB!Mggfvˬen/kY-\nBTZ(*geWf͉9+̳ې7ᒶKW-X潬j9<qy\n+V<*mOW~&zMk^ʂkU\n}]OX/Yߵa>(xoʿܔĹdff-[n\rڴ\rVE/(ۻC<e;?TTTT6ݵan{4[>ɾUUMfeI?m]Nmq#׹=TR+Gw-\r6\rU#pDy	\r:v{vg/jBFS[b[O>zG4<YyJTiӓgό}~.`ۢ{cjotE;;\\tWW:_mt<Oǻ\\kz{f7y՞9=ݽzo~r\'˻w\'O_@AC݇?[jwGCˆ\r8>99?rCd&ˮ/~јѡ򗓿m|x31^VwwO| (hSЧc3-\0\0\0 cHRM\0\0z%\0\0\0\0\0\0\0\0u0\0\0`\0\0:\0\0o_F\0IDATxieyzމrUf^dKEF3m``=60$0h%$By$Q(UյeGln1dKUxnqyλ?<z>\\pb\nM_?n?}|{;;;\\o\0mG?\r\"π/\0&@l7_>	)ˮ5s?C`x)\'u~9\'9|ʏ_~ʗٯo˜1WGk_\0;9kɧO$>?g8o)>ՇOZ9S^ç<7Joq|;9ɧ<E~\'M5[@Yk17HcS!A9S?5/\0cmCp1^&!9$꠵ŗ#H5x|\072Wg`-G_ǮB{edߓc9_;~4l?Oo@\"Bբj9>Ĩo3ѯnր́\ZD/H.D%TBq$^Vɓ\'HM\r>R;#i	a~эZB\'&Fgp\\*.d<@hdP\\	feZ?EkimMUU1ϙ/5k_$	NVu΢9b;?zD(4VbSK)*_G\'hsIz4U7On\r*YF.4\'6W-,t DiL{Xj8\'J&>S!!Յ\0kiE`\Z@Y<\'%rLSԟ7?Cӡ9}Qso\n]_݃d	k!\0^_#;/ۛxA\ZYA_û3\\qL GtCt{ p*E%\n:}7Qt`:y	K(ۢ1gD<_\0p?/hg\\~ћйh\'=tt:{a{ף띳#7	;7:! I`:lVi|&21%\\r;$+W0RNM\"P!6JKH\"\0&Oc5T<B=b-qؒQ	ʼJMv-\rH8;\'g\0B\nCc6~셟u{v]pzGyrwvv?dwt:z=R,ct*/@Kڠ[L#jg>)n^ѿA]GLqՌ_@5_-bl\rPv-\r0Lk(#jwg{K\\\"ut#Busa^r`1؂5Ĵ0mv\'4`7	\Z@aHzR1)oҏ21.#J|ko	ibb~rٗo/ϗ?˾L$,$KT\nZD*ݍ=r\'̲E/`Xϩ\'\"$>ABte7sX\0b̊9Kݭ9:{_\\42A]DB(;\"Q̈s^Ecb8?FB\r59rtpVY?~`=+;?KWÛhe^pU$Ψsz?ǥۗ|bggwJ㻜I|v\'OnS|ϓ}tɠe;F8VW-K\n#-sD\06!^CW1<ATC<\"^41!%S\nJO$,Jh\ZQ/b%E<QDgsYATAa>&LFT\"\n\nZdBXψ\"W=)|Lh\ZC@whU\\G.֤1rϡ>w0o=\\iEH:hZW^wI?z\Zw̲9_B.d&#yg@o*^MyUJT\ryPthl[Ƕq-d)*6ڌ@\Z}ƻbd1>^Mno}SK˗Q&tBYNwz@G(բ)c\0Fh4	5F۠Jvp)nPN6 F!NB0\0qSLgwh1xOEHԁ؎DtI[ŐhWI$&c|z|7x<z/v,u];Z-ϙ!	;\rs9֩w$\rL*=Dۈ15u=lfBmG0$eD\Z\ZQ>*~ہqW\r4#Ss`~`0X{<M.i2 &cD\r\"sbxs`?(SBRJ*Pç?;:_P!@P W0orPEC޶0OPIzٛ/wE E@>Os|ykHuP0}_̙\\?QWd5ֲMƢ3C\"|Oa:A2XѹtvztTB1:>A(QHDP<uO\nALtNF~=n\\\0kxrT(m3XbYbRh\'8E(DJ`6HdHrB3OWdjJOP\04cU +@\0@\"ͬ*&VTMBzj>f5\0/ )kP t\Z|VMqi DQ}7\r\\z?ɢc>vPgQ__\\p	.i2T>hEㅘn\Zb]raZx(37NjG@;O$.&&\0ʤՐtQ-&gA[$&G9=A}GH2Q4!L	!A$e|u (\\ꈪ	<&鼄i-;1jhj(Ƙzq@?X?2sI-f\Zu,\Zz`smQ^<&\np\Zb\n(E)!aPSlJR0	&y9tgg=5Egʺr̆G;&/dtK-4.нO@SW^F{f-dcM\'7L]t\Zu}4+H[hlzfg(D x9Z\\\"I`s!!B}BuDjdD qH=NGTIqDt^Dg;H&ƘtNUIG=Sh*pn9~J/njD@@eb*(?d2jX8\"%ލZь)摨\Z\\)PWhr-g7~f6ΎE3auuk9>Ĩ,]09HB6`e=ipxD=uL@5d$\\NqoitzԂ(\0\\ P&f[D5jOJPzȄb6a2	}15e>j217%t~T$k(\r[Pmb\\!e h!.\\y,\0\n<>H\n1]}O9kxwh[N)0\'tڜbӤYJ\rlU/7{w~+W<BF;ocetqTE:oPB4\0_g6^\"]n쐭@eVx)G1cT߯ieBAlɻ\"wjaGo^BT&I8(j:\nܛy\'Ӫh\rְH:[iOPz6{h´5Q.%GE2ɍ \0?\rYVH7E2DA\"!qMVX*˘ǉǔ\'`m[UAPl\r-Ѥ\\{o==kR.M׏B1?G㦓Ek!=Sdߧ\rI:˸\"*ρ\'DWjj4o?t^KXnAYH~\02:ϱ=Zj0$w _ӾHE`19+7&\'Ft9ڔ`H-Y=D!K=(_ ʧ1+n=-L: RiCk}\rH\r6z	Jk`H\\ELBlYEEp1\nWj/&$Sg?˩ywwOԳ^DvI.2;Bw`-H5HQRWZDt	zaD9>B:% G7dh6SدJXI[sPf>ZGt3$(Dj$	HXDɄ(Q)UdZ\nnD#Ӆ5C1き͌v7\'ګڨ6+aF(~iݰ<8P>=sM\"${mۇ)pT$>ew!$5$+Dc	%^Z[,<}*LoP_~YO4~fg*~xאst\n\'\ZGKV$j\'FP%c2FC{lΆSI*-5]Cl+xm!A$_x&eو+`Dw(@N(cdx~=ƛWh@YB[%g(AdnɴKC\'bd!\"=AQ#nwa\n/_^.اFWbH8.\\6җzPܡ.&4)e\rA}mfBݍ\\]7qśǟ?z֋|Dݯ9;|vvLFJ\09NN9֨#rcQ.u؈Ĉ+զ<9-֟`S3)UF.h\0_V=J2ΎkuMWkB2|	fhCcb@}(F_nBHlalPF^	\'㇬.EfS\'_W/L]@]O}HQV)`Cj;Dt\'D=i[^eRdgY?NƳ~IrhgI$+*1As؜]DkѩD*1	5\Z\n\ZD[Tq%\rOJ$@EQ\rfZDzqMã#Oj\"1l:\"oc.}TSXPm!\'mţC5DS#I>tR0\nb8}$~3%TSbCĀ?R&7+b%(A=kJUtTFnkyE!yA³nzBpڹU$O;KH Z\'L8xIE][mc۫$ØK#rDP#\'ģN0)Fl.M\nk=O(~j`,ZG*0A EEtD%BmWTՐnw/|R-f=pCڟJӤ? ~5ZH̐d:/?m:\0Ə`~V:Zs#lASnz*S=y]RDJF1\'ï3\"	X~Rԫ4:눺6*YmwAyKKٍ6y3飀ob;	pl[n#dLg=ȥBf0.@}DOzM\'Ƥ6JYB	DIh^|n\"|\\ms:NPIH&XYM15\\PC䈃\'1*A]D~=`@(#qgψM $uEp;!*\ZzWD	`@jeVѻT)IDnUDwA+hΈ\0B5PǬ\n jZG7C泚M)UR4\0#eg};1J\'Ow]faJPd|˿Ng=O}tsvEL{c! gD)lPm9En8W\'S6Ň5z6Al&c?zVU3bl[Gib$yG\Z.64r9@=}|8ly<TA(м0eeD\0)YEIڿʷc]!Q@EMy|twxʜQ@CB-q6@!@r	ߴfk\'`rKΖŇ>uu\nj鼄JVcf,P!6*gĘrzv6o&>o[H#KqD)`\"yOC(ѪZ(\Z?`>l$@´A&(]emz\rD<V퉜-#&,}$	E;kaݤ	CLc]ۈVMQ@5V	9ĝ@@sJ=D(2`>Q(,Y7\"&j\ZpcρsP`OMRW\n!$\'8f9Âi4Rc;O=|>ϰHND?\"t\ZFʜB)gtU ́b#>t?»$i|~Lkq@[&$YZ7;DfjZRVBt56&&7;HbжMh\rQ,WhM	ZXPOqzwS2	iWQm@wg\"5\r2f+#(RsCChjD dB1QuHJjFR]9GP+$gOعIAēDm-D_ 4www;gܕ~A5=\n\nR>ϾH5s]%6>t1Y];\\X]EpbGb>qY_joܔD[tT`{ K&cs\r6ːu!\0\"5J	:z!̾J5>Fb5	~v?i7}טk䟠\Z`/dK7R\\kӆ0U#I[~de.^4Wvރa1{k1YNs˻(_䐇&0HfvILRq9@r\'g^#F1z.L_S\'x\0$y>сC5 ԻYd\ZD@)#\":w!ɧ03I*Op&o$D	(0DBA(g	w{-$YoPDK=>MgB&.f3T\"FOi&ߠ\Z}kTLi\ZD>7pt«|y{%єX&$@t4E_Ij҇$܌()4ӛ9:\"3BH6= C$NqEgmQ3rldzNߋ1{}U\r<R?Q@h[HC|\nGT(D1&D^ 0@8@iTWӾ]T=$$HsW	79zY?|ќ4pb6\"PwU&踤ҥB@\Z/ROjt&u!dKG(22x)Nf	YA[	~0$\Zh	@,-W.1?}F\"?rFm.!`Q	GH^D!ʫ~16;بc8#uHhrE9#hP9;yҳ]_5<۹G(_&\\\0F. w1fn$&#~jT1!&сN2T(!z#P\\DKo1~tdBCfr8^.HbÇXi/}B}Ptm5&99P0%Ʉ<KP:0N؝B/G>ηI>*H[	Ɨ0;t2kblpqu\n\nq4Qnv_81Q&A:7_&| 3f{ߠ.2B29iokV0v׉aB>Ģ;|D>rH+gi	?::yGiz	B R\rb0!49Qo#&1B5ZTX\Z\")Jh`#bѭXӯkٜ2fLYA޶DQa!$IlW|C{m,4)SD>J2k2i~^\"c2jv5DMQ>175T\n\\Zx==f1=QMI1&:C1DC5*Ã7ex\Z>tni!(}J\"QjM/&Ho>ef[&НAB|Ad!AP!̫20H&XH +baCzEiiMp{3(|jk%g2:fXZT$*u\r\"!]  H7!9Ybhm}׈ob̀4ͩf%2mTx|\nB c>#M\nI^Լ5kHB&E.ҧyI!UPUkTx?<Ϥ9	*>\r*&՛g;lFw14OqFܲ^0ې\0&#by/\rߔxb^tih<Řug娡6@HEo\"8lcXh.|BOeksuWLL8.%~\"Ib\rl\0]aii4w)\Z6~h]1J1vSҒC%b\0KDeʃɈ ꐳq;|5Y.@=Q\nb2D=&*֋_Hhf_Gg?L2[+W%\n\niETOP\\`6=)|QiyOm1*uNL|)d)$;Hptlc\\zV՛Đ!JbKl-=oRbUdm푧P{JNwXzq!b2Ut\rI/Xk!uJ]F/!	UƘ|Vq(ʭ\\/]-lEUdcTK#XѶۺ{]4+4k(,Z+,ǘ)AJņաBaWq-(-(u<:\0=tLS#e!>@hC\rgÀx&1Wi_!w+J>F?	X)H\"FHyDlُs\'fc *\"B,hbM_%k7>18Qp:N-V/E&!]1jJwiJD*M):uFg%AĞ%*s_᪛tV&N\'W!Dm$	n;i!nF=C%-j!fi]YT*^yClEh9bF>\"y!o1=gً#JQ-fBM*k6DjJb0\"eb<WU.J=rzSLF뜝HE11֨ddaC(oBY.,\"y)ߤ}	*: QT%79Zi\'(c݅\rK?N\rC;aM5yHNUREb,*N}r- DD`USd6M5*ը%G|1vWh!W3cUlf	͐LQ\"fD͡,=oߜ&.δZ1>F1q:\0Uq_b(Q*\"k$IhG$o#.&밼1/`[GL~ÿK3_imBQeZ͋yRNv*Kj&] Ct;x ={Ka0ï`ţ~ҧրzOԊ2c>z/G.yE0ejaLg!ڊV^!Iꛋy\\uc.{Ǌ@M\"K튶)PZC BH^Q62ZxmDBu&Dqb_]>Z0\0JW3yMRMq64ǔ	\Z&-Pzn\nfa6Ridu钦G?@ Ljh.($/d\rtAkChntE93N<UhwJ\"Q%4~BnVya;,`\n7֑0!1&!_<&]&\ZWR\":OpP\'ﰪD9HÅ}(lor[ŘL%^Nyi#!ćc:%@:{ӣxg0cByH!Ղ+hSTJ\"{}[İDEPLnķ)kC0\ruK=?$M(&&P[$+W`2kWnvTdĻ3I	@?XݥjDH;	:|i15A\r;UH]bH{>n%3Mf hSB$|xB9iIC\ZA,Iwfx`[S{<1)>ׯDBs$/#$f=O,=\\G+atK\"9}\ZYZzL2:E\0!\nwvPpwX1\"uܥMH\rP<|TJwL̴a}t| Vыz6\n4S6Zd~L	͢dT? A\"S%\Z>A֘ )4(A\nM}LSt1[BbQ^E!\rB+`uxl>`4<o-V2NV)Հl0Q#\\ވlHϡ9Xt9FC\rh\nU SQʣ]_~P|nlt\r=BKT;`7Qd !fmy;3ZWOw3.YkKPIՈ8#105eBS[M%#\nOP\n#\'\r=Y>\'BA-!*BP(	4{4YW.Sb&\"FRwoULFl=Z	]B9Yw.6SM\0럮JW@E1\"##1%?G\\E2ާO\\X= 4`&}?#	6لDI(#Jb4;D=㮡>^68\'{hנ݌(K71>yjѺG3\nŰ$+6\'ylѳqz6\'pP4\nbslb/TtBEsSx1d~oj{/!fA%|uH8}3xQcz1))\"#t_&	Gh<Ji|U9!,\ZMl7G0=K\nfB[JedoҸ)*9FƇCQ7q,Lg+Jk딏*TZR2B,+[Da]&go.\rv\rh|,E0 *\rb	*%!\Zo:	%N\"_bTTEM]@%R<$_y)g1OJNɳ\0zynm a*Y׆kKoߏ1ƅ\"T]0 	^E6Oт2%Į}F1D#_ǄrJ/\"*zf[-TA;^&D5NV7j!Hsd.(2\r)nOpc:وFLv)g\Z?*iNaF2Zp{vr^C\\q	LvMKW CAzqǬl`7%e$_]kՌ[<<v\na\\yt}9jc/=Eِfe>L	[$M^,t<ms}źMXM5Y${%\r|;C}}qO6˃9cM]7Jc$mOtqLiHJt7&,vyR~1>rb~4Ȃ8Ղ0A6Qo#3.#F\neZ@[A$\'{\0:\n*q\nZS6tWbs}DT !1Bi9YM>H,I:]34)\"X\\q/G0K1\ZbwzsiSx\0r/@J8@+C,J1<\'e@x>tP	ٌ7⃯=ʉ`rD+\"qH3T$:H!%O>[gD\"Yw{LHHh [TcK8uNNcR!5gTntUR|@PP:R4mc4[yĹ@^FUĝ!Y^Eu?B2*אSGsDA5b9=^QB!*%(i	G?\r>l֎֖(%7A{D*\nNP!\"!zֆcҍs_|	h.}?{uz(wٹf|Pqkqzj@6iPё\Z|0)gT-F_b``yĨ8jn_@TIPQSo<bx£CʊERZ#K4?Z$\"cRАw2Q+_RU,\n&wD^E]d ..-LI:_!D-VW-6ۄH\Zњj\\I3	d4\\u(H!\r\\UA8!t=jMJ̎ 1\r*Lзa-|DY!Ɗ-ܲ	2z(o8>/?^T\'o`l@p{c\n\Z_L.^u䫸}T_;pmOжEP@1 D_TAFjx7{N;N&b(!iAxBs:6$5t1rĽZ]%c$CIQ+fDYF6 X&\n|qB3;@/_AWyeN%Bu%:Cr+ޥЌ\"#SN%62ZΘl6nV	aFt\'pow[sY\r4@h mQt܍~@1㪒;/opbs#}%׊P\nqy)1}>\'+!)B{=epe/#PATBpS-^\"S\"3&j }*34A\Zo!,Q`yjD\'FOvR5ݞ`eO	+\ZaX%t@\Z}tSTC-fGtD^#\nTDQ$;x\'Z$}!irJʺ,^CKE3?$9ӛFlPZݔZ<|xjX<J)*߀$5\Z쿗QΦ|__inNoi[V3C1c6,2z4&n\r([P֨dF;}_c69</0=`vp?G@,	߁X=~BA,.\Z2(\rHt#z-!.bW4؁j|\rT\"rl\nU3GhE1ߧ<}L/L$׉!!JRmm.\n|I9H<~\'{N.oT@ծ5-bIpn5$!Mb}]{/!ɻ(3!1%Q&?Fg{Pba̔Ȑ<%B>\'G7@5\'	F,yҟ<]tGltb,<g\rk\n7xͻTef`>c#a9nx~\'bǁM}S<U\0-(,әW~}@bEXdFp%& VF5<^,X^N<O5HjQ0,n,mk-Dc	~V*:,vKS`.b#*GC6S6:@sJS$DR\\TOGZr3uxN%Z\r)ftZW	qƼNtsZ/[M&:<1jCbW눛8A&m#*E97ܽw_pN\\(CT9&Â~}\r%4̏%\Z;AօtfHgh\n̞p1fEpgԠP:w`# 9F\ZuX4 =}K͕PzeP헉rj>a6Oh-$PM\\Q$?fQ%.J&%hl	牡(r=IdggLRDfnT\rV*ZIG9Hr BsN\"17$79fLv;DYEtN\r	 ^㫚Yd(wx:=PAKfs%*ݠ6<͕5z&d:Ԑ}ĤHD Oq>N.ݟdba<\"?t?g8R	?<:g#\rD@	Ov=-GsXSP?ǜDKa\'l^bs@-	=˛=yoDb<$֛/r,Eͼ;\ZO$ԇJЉ%4FHsH\"V.gLC~g.RB@\'C=CHYT\"QȗNyb3-2jmѯ\nZ5Hsh@|2hWq~\n!/atx[8s	\\%yE*k&_]F\'?\"4tւGNm7L.]\'Ի28!(h9_/̟x\'2qw:}J1*-N\'VI6{:#p}G5\\ƌ̘<J4ka\'kc!b:ƊIPYNq|3-3D4y0F%TJ9yB</攤s0eiǆ-*,^@KD(5A<tFYTbsUS8L\n|Y4\'O]C?!ƌh^3b-.;CޢelD.X&)F{K>wf1u0bk}z?L^aM)_*? m]ʕOQO8;CdX;4nZ&;\\ZSjac~K(?/<S\ZT&g-!N5\\)9TfYTfMvݧ%l@k`Cau}|>`ڑ^Gf)Q?QI3@\n\n+&p[E\r8{눯!\'5_QDڭ;L\0۞-kz4YݠoP}}tsITJc&EF<(!	\rf!xngQ\neEA/D 1]7ѪćؔP\rqWCU-eML\"^nCHA!+#Feښw(&5Z߀zzvt8$i}$f7gTB0׈!iD(TA*xLqNM,^U4!<Ͽp:,Hd]<8gc5uմ樥ԪA4[oZ?ff\\a	cօٽ	\rdl	a]>hG1&]_C&Of({b-bs5M-}f]п*r_:%z7isP=u.I-@,Cb]CmPf	5H3ՔShmo`u$@5PD{ۄ-_>FS9b$?B*Z_9	{t.6YB}]JSlns!)EY0D+@Outʓ?Kjg1i|ڮS)ea!sHxkb%Ї(Ô]V͍}k(U3s+fl{pLZ&̇qfƬ1:F\"bT\'Lv##ˈ_߇nH2{4gnJqlХE:mVhETx̃/ߧXl:;D_U\ZRzЉ`	q\"|¶7&@()OHyo1QMV!D^@&]A`T/$Y#IFt*-=_&:!4uJtSxC\05VJBh?\07ZZ^;&A,<v7;j4Y5s`FSIeDY\'/c19p͌ʧI/̏PWdrx?\'\"M~rN}K]3#N!UC{g\r_`޿ǅ?֯r:0>_bo\ZI{<`iML29>ꤠ~Lv	DZ}հyOQMUb/knPl {OhK̡ь	{V: sTuD)M,~Q.bB$\0㴲ycy0.<w=Աo4(PFB,bРr}/QrB\'W!*6(;Q ,[CBAP	bOlqfξs)V>\0$%P~&rĖID;IKM\"N։	W4ڥ%\ZjL5~1KcK۟Źȼ|NGpZՄ-ޤAE#ե\'KE?pzb>_wr唭W~,{2{rinю8|@h/c۬]8LtM;4)nI?sp;@\'aӄ^/Қ%\0sqxT0ojM	f$2n&T6H̧q	gR-iLǨW%G\'v9CEYdY.D1{Hà\"jKXjA	;]P\Z !-hR|??g<|=Vρ4BZ[($	b_G+D1rNAotm{x߹mL{DT=bSj4*fӛkHFoF}Tp.VJ9jխ&)Ex`SO=˥c?<v7ob;9g #TqԏI`\nXOF,6a>F\'S\n\0a6GB 7,IHSMMu06QMAIeFjܐm_\"^5A;=`襠TJ3Q/RUs1x6e3??Ch\'m066ddI # \"MjwŽ	k}!/svoW8Zz%gu*D))viun<8&Jq囔/*	&^=V3\"j:Ai{LjQk}B3(gv@7q	\'NU4MYg!jcyFtw}Nuc]5!\\*MyJ$IW(J9=G׀jxnre@73kig;\"\rLRR]P	\rT5R*\ZW3xʀFw lqJ(τDBM8w@}6L$z<[@5\r.46Ȗ,߇~Z6MUQ>F!SI/B$	Yn#i?Qw#׿A!g4}}MY*yNw=m)4l\"E\"R2?{/@A:}$ N	:\r)V\nQ\nтG%jav\rK(_1:&)Iy$C\rbxD5+Rwi-1>yr\nKBӀ	F\\܀;0X@2\"fF,o-+W9636ѝ{o}w2f橻Yzo!CÿnM`v<ڂ`3Hj^=YK֪pUGTI=a4A9XDګ	lF|.00yoP9t0-w|l0cW.Mu0=>6̓gBc2Qģ\'̻mLңE[HN]<S=U7 gcB{y	Y:#x/f I\"?DG`nHls4MP4)3V7hb\rY\"!jGaSN.wI:(lspjM[ OCSoۚ.7JIu@P7).5Mf17I:-i\'>8LTgGK8DB4dҺM{kNbk\0Izyj`$ґzTF2\r(a!ϗ{7jTdO# r6~?ٷ~p6O1?x@:UcHV(& Mӻ\"rz3?$\0\r<DK71]\\W^|#Ms;hMKO4\rM}o<foXt\rQ:Ei&_ܧ)\nd;Sr^sκ{!RۛhUǋGh&(wR(EC\\WƓi~:뤪YUc[	a]	ukhoAR6~ju]⚀MSncN<	@b1y~@]lǡf\nS<9ePh2aRƳc NQN\rH-=$}#|3PxѲԞPe]EU8=-\Zj>9t\Z?A%+Slr^ƻTEcHeEQVf!D&Mh}6S6w0JyQBUψaFS}8zVuTrC;e>jt|Ҏ!IB2-M¨\"STG5kZ\nZEAلx\"qc1$O).\\\'Awo#k;kVXz)>\'LH{րCBZ+\nc{)nnP^p!ګkX&T#OS@eG$O1YGsp/N(0>^\Z0_T8l~y\'_%JeH/\ZU:Ngv_54uIģ*,Gw\Z&U3\ZclHk>\Z>1G\"j#2g\'x<Po\0g._DAEB4l)\")ʴ@ATJYdc_\"2I>,OVGnd7ULl,$oѸ&hQBBF	u1Js./᪆5.?j9ٿɛ5?cJq!+HJ+\\X0v)e>!:T#J1n^55kJMT1`[|\ZҞb4Y@e\\4qv旙4b!T*8;\0+P0FĵܾG	\r4[r]\\il9ƴW+Lk޽#e=AD|w|\"{_1_}b3`phʵ/Pn1b\rמ9^]o3]hLB\nB]Di#&S$%=|9!!6t2|y!Ƅ HiP\r=TD]7_#\Z-;$h\Z]BtQ):NT2rzai<wвBvN]GH3̣0Zsi=TY˟M@TSMEEz#g<~g*`&lK\'8.ݔjxlHHx*!	7&%ʅu!^q/A`WB=t\ZQ9\0n٭)a#c.r|kD\Zۭ/dJ-$0w	u)QA؄W)9[ۚ8>c|6!2;*R?S4XzʽCSWDTxW!vx+8\"*1E$> x0spzб`WS؄Ք#h&׏8ܟӷO0\Z!_A8CD+(=NAUCzNxxD[^!LFjҐ%-x\\u[..h\r\Z{޽g^?\'\ZF>yg8=>!;/熇?4⋯4Z[֏ccZC3	h=*)}/-lSTeU82/\"A	cրhyOM0y|9wH=aS`f5ann̴¹ҁ5M~įh饔6-8֤)@26QA+$$Wn-*]&o[VXϖ/\nd۔Kc(WgqZVm0-AI\\$GpDޣq\nWBU}I8$j.XIX_><GtSAلRD`h	&#HRKS$nl	Ib!ʹ Da~d/AkTӄɷP M LɯvWع4ѳ_\n;p6ÅnN _?G§)ߢp/QNK\'^WBʓw)T\'`;	1o_g}C4Ovq)S֖r&̐dpvQYLyoh!iEQ\raP\'jt$IiӋ0*l0aKt:\"9qhM	/yR,u4^+|9gp2@LCC3mb)V،b찉&]43>!K?_~BwТi8>HP<nC|ʼdB{=?+	\n=Mj\0Dψ U5EMHYA{B4Zg{}{\\6(hB}@3LDM5o[t^3Bm=n\"j1Zo$ksY#g9c|Gvbi#B̓7go4mWhK7㲏|/qDސ.}wIPP<٠fNY3|(	5W/\"IM}*)ԳHXs2+ajzWDǄ\Z4jiÜ<G^xvBD7GRH\nA+Kp\n: 7s\"(=X(#iZ|yBd!e<\"ӅPybW\Z?Ȝn?!`)F[KLWY~}Z>S]l6Cr(N3cِ Xe6 CN0,\r{$Lp9iddPU]u{Ϲ\'+aߡQpNkѠF	*O Ul)X<9EQ>Ck\nmIqE&0hMiX=\'vF\"2Th.	at=Qkz	 ykdSx+0Sd\\\"U!1\nhcLOn!1JKDt~)Z(yocm`2@ (jLDȥl>_\'ls/_o+(/gg4?eѻI}z4N>&E8[Q:g\\=:۷y75sķ.\nA1k}1v);$l19)ܹ^P2+7,\" dk!(k&Wt}UN{^[!oӏ|0MAoMd):\nB2{H.iѹe7w(<$<\"pd4?n>fu~+Z\"	]g	䜸\nH3_{VX\nn \"`)$$lifID4˔93đ@Jd%42=(JhnH}l @hѴSΐeŴJE6 qcmzn@4YwGLчt0R~pN`̒Fcz ,bN#̮&\"WuyιOo֢F-ZkDiӯǴmC|H~yd*e>b\Z80\'>W_ [|O,r/AڤAuL3G:o|\Zu}c5Ua\r4\n밞ZUv4ooKSNG9\0˕~lO}⪐to4YVB\ZQjAUAY@֬\0Yl^Q2{7EhP!=3@ӌ^ LR[+@N脆xeNWQ2Gt\']=#M -1}*\Z]YPjs. J\0BE A5-laPUPU39^pиCwnK\Z-hu т#LEHOF0gp\rxim\"*;H%))R?#?,)/׸,mgIWxN/>W?oPVK{k-\Zs/_O74,ִ !zFk|o*,\"!W)GܑH_Kuq@xT2lSU.\"д\rDCҽ\09!?#eq9ZB4$&\rzW!lJ!Xc+Oh%tN|S/uINR\')mKD?7kovS7ġ\'`S?xDY!t(p\ZWg5>GpKk$U\rQA-6h~F7ք)uCS~H=3eD۴؀p4fسUmdpqxRex[0\"!5\"Ȉq\"xP*m\rh4}o\nH%-b\Z*Q:B0#M-PL흠g(4`>\nc4O=!^IT2A1pzLZ8>R1^C7|[Ž/<?\'*lssXk%Bsxh9/}\nclv:Y\rWig,;Ρ-iH[&K3hѷ~e-oМ,բF@H+jI$D[WX	>Brш7kn\r.ؿu%XhK֨\Z^a\\nXkY=+л=A^e+(ȁ[I\'a6aѼ\'Lh5Z>~Dk-rptAN9r1G+8SXWjUf2v4]Ⱥ=EuǘnD(P*$\nմfܱ\"Q 7͏ݽ˨Mκt!Y#߃8abc%u9Y`cg~Tu+AĞt_>*.6/0IKX}x nRdA(KEx{![tI\'2f_a~U9;TeHRPY<n\\quޣM\Z5E~|~A1|k|g/?K@k{HQ\"\0]|Sŷ*J@\Z\"QBO3UųGgg(eq8E8=5\\ɰYdM32G&Ɋ3^4izom^qT/(?zE()\\~iKʳ#ºz]^;0nF)EQL-v6z>;{aigǧGD\r	q`(@#&-,憵YMsb{^v-]#EԠk)[}{\\z&_,e\rZ $)HNQ%ZsMțv{DIo1h!(I76ϑ\0B%jaGJ*Bב\nmZkGU2p|k/C)*\0g {]58FEhp~C\n)Yg<RB% ,IygߧCVY\'ê(ĚdNQ,~?WXt	.g???w8К.<|+/*|歿dxcUo\0<;eD%QTK[]@ޒl_#nFG,J\"(lY}2PU(/	emLޒ5ShF7\"B)f|\Z\rsfMFt2عBy<ǵ @Y!A]4#e~pt!Ѥ@:vc0J)ya\"Yʔ𒣸`zd`#(9iï%?G)Y*CtS-zq q<cr\'$\"o	efp:Qۚ ?\'$2\n\0Fۚ8#<ҷ \n6]B@6lu|A	2=ŐV_+Y]5/@ۯwbt}A>S! MHSnt%*z0`$d\Zkaǻ(܈:G`6Yۚ8]T+:Fcr-G/\'gG4,f9XO?|??N]o(ѢbEn_PV\\,p7xڗfڗ<$vw^g\'6}9a\'f~mXS@!vQ&:)2m\",)`WNû?}?~qD?JpUE0fOFWY{#Qk4\Zڹ1&T9ۂ96pQL7\n#L[H	)UK.-C(azqiNi\rn;HӧՓo.H24ԍ3\n-պ.!	v~ya&aRP> 6t\0bihꀦm	\rZc\n*KHpfi/-ϰn\ZFB8»Xu zf6lȸO&fJzFX1֜Wc77d*`\Z%;Z\rv\Z/(5/9O/{_hBD $8?,f	MR12t:\r!W.KZېvB\\k7\\8d\0ZsG>`	CѡZ/\nobtZoل{eu:W$b|ҭK?$JHJ8T`TlMwdmIhEk;h!hg9\'	2bt&@M1MYvzJ8ǖ\rJhn]^>AfVl	]?*b4pѮg0IG;5Z7f#Ti%	;H:cM\"Hx1CC6zSҒ\\\"QZ7o+tipUE[,Nڿ9zUG\Z`\'t	j\"BDeMm5\"\0NqΣ!C`xo1	A2Es\07s2lw@ w;aa[MnDvqRFޞmT^^F;kFB@]ōYTΟOHxx?&p+{C˜wC;:KQ8I{DpښβBM(Eas;V1xNRfB\0=/Pb+)VjhhUs׹2_[Vofz#ҷuN,]4wGSozyAcL1Aq\0x{3dYo@-\"0N?1FSTk5\nWt2G%a6Guzfqu	UT\ZBgoѺŹɧo0H.V\'w\\4+lqK<HA	ؓ24/MC4hL1U(!GTn^@lAd;\rAbwHNu0\'HoDY?]&?MC\Z\">MP/?3Zm7]7nЈf_qQ\n6\'LJn}6CRЈWⓐ0Q6>EIi\"@sUi?fw\'!Kڍgey\0Az~9o2]}H\'M\'W(#`S`wRٜrF\r9Z\n$}VztusN{(C(Xj*\n2vPY$k !-e.(EB9W`VHWxDݫ3(Hop|\rWմ((\Z|n] e3O\r\n8Ui\0kS-?	ѪyqJ[/1a&Z0$$	UJ>-ɏ\rZWP*g,޴ލiZ$c}vL?Bw0t;1[{Ɨ31N֧O#BCr.@	ꂼl1\'_`/j\'5QOlE)`Øv?9E٘gX?kK|=pr}BSWzgt:) * ` ArG`R>4V&jsh}\nyC|]}3=ɂ3۩Acذy@xOwx_BRGgeDϏ ];,3N-Th9;:?&ܹ.E\"F=`D!^#RBRʌ4YJ\r=peL%A i\0lY\'8ɥѻ:{\Zk,B+g	dOh4OM\',~@\nwwstKοy@%FŶ@ZdMn!-IY/n_9Zԟ=5&K	ZTFUՄZ~FX皵WD!.d_Ri~	p*>b=(p\Z1eDxѬby\"	TjȮuHONbvN(Sб\\[^ń8;Gŋk{トգ1!6Hg\rop[rRtcv8@Km4Jp~bv+svL\\xSC*;`KpӸ߭bz1xit1H TNt	.muAZ\n٬;oE\'{lr`(2MN.>{MKX-Z\'+4d>X]D,3V)kqN:9N8x\n=2\n{ <SGSnWd`\nz*^H&kI(,(cOaTˈxrA3GM8AŏX\\_!:88Z3_ТagxE|3΍7l@/.\\1%Yd1oVZjqDsBBD_<AD#ez=wB\rj0Q8oPK1-TE	QFctP:\\y]Vg!$ٕX$:\\cn1z:[WOmq;qo~|#t\'AT+\rYWaG!<DVI:WԹ}i*tKcf\n^ݿN}~|Qa\rAYz\0g, ƘwD<ôbMz\nu5\0ZL7CiZ%yac+N\Z~Y:(an(P2ͩ\r>aPrEBmAQyx\"P2H庣Z5F_)`O^!kX.33I]E!]%ٺ6GE5DD\n4m5[ȏ*	ݚ $q@r	O[#ZOU(Fvm!*.QkqbiIQx\"Zl]r->kJOǄs\r~/?*X)hEE&!Sd9B$!tX\rF;t	vٰ>\\йvg5g I-*Q^3:mѲ|qAc<uU(sn-q\"P4_ZeWE;;.4Xrtc\Z@%\\G\r\0\ru	;!ݻcVcڂ?ĘBOw\'49c!^kh*h\rpt^yNEet(!2t̫MUn- \"0;c,$g\"N#9`I#M7}}Q\0PLL\0.1Aa\n_6ל.=M;Iߣ:b蔒 {i\r<|&hI]Ŕbt`jka㰕\"	1F\\kkZg6ABhېAB`ݮAPBQ*H\"!RDkK+HNX\Z#u%D@\nӳ<yﷰO{Nsc!wc^A~E3D9bM7?d;\'HF-BŸuq9OQsOu\n|F=%Y=i\"4q/\"mӘÏ9ҐKwwESxLݿD:!{M@XVn-GfӪ)y dynX	ӀhFS@{t\'ے|֐HBrN~QN lf>mƷiG^\Z\Z&r?.o`_#Ce\Z}c\ri I7鍡l!6yo:D-Z!dH&GUr\0Nm@U<D\\V-*h|d$L!ǫѥH_@{\'w <WbK\'ɲ.V?/_\0 IR>uX|#	qo9]7|ÒE0N;TbmSd1u\'D7SfLdDa97;12ZP;8Ɠnetz,,-*W]IFF n7ݏ	\'os!oW!w0~є;?A>GJ.\'zo$2bqF_˴J\\wiCjAw+2H\n7ݽTVDi@&9,2$ʱ-]EwȳTK0d[~Fm,Jh,m!gq뇸3cP7i]4c\\U[!MQYz\rv/d}FoFS,0*G4DK5Ԏ$0翋KDԖgKfW@b3n\nFޱ2C,u]vpXA[C` `00|ݨuI|͌(hmR;d%jsIE(\nVH;EI\nhY[q+5c( 뤔ct&\ZQrpO%3V1lO~g_fw\nqrx>UIY4ROybւ(=nߺA3V0+k\Z\Z5ͪe*GsdHF;tŁa%Ht [H>iHcg~zd]pZi`U!tJB,$м}OZ]e/X,oCWaUQ4t	I{3֖(l;л5UPKuBz1	MXWK>!١TQ\\1bx;by-ah15xm|]!Lr`֞SkFc#εϲϑ/S-9lxڥGmхö-!N1mkW$ R&d3}ՙF;6lK\0xJ3{rz6ÔZtM~tE)đv_/j޴$Nm=i&B{̿TJ[k\Zg`\rNWb.dxH /CSU+ @	%2¸@%1ArWxgqbXЍ10(	iCp`Q%\"`7~cD\n_Գ?Na1~(苘|-غCrY=B=m9~\rBLG;AR-,i!RhB[A7nXcVg((q\n%B{}MQTe_.9odvfE	j[P?pkM3gOT+ʣ#%2ݘyyK5buGTFcK5^>tvR>8-)0b+XaYԴ:Eq\Z6w%-S)AJ>lݽfX!(jں3\"1FmƟEd\"#\'>:G8pt_ۢqX|(VrE	\n/h:{$+G#~(YN.*Pۯ3DV-UŽܼAA-ωz(rˋyD--P)<8P!LLhMѵzOS`H鱭\Z\Zn*A7\Zǵ5-*%HaɃNi;0Q=sAX5 N ?aƏ#2_)^F7CJPV5ZY9#fkCъᥚP/K8YTKhPqpA$}O0qԕ#L 1ӌ0W!ecVЉ\"8dPL%R&%HntG1\Ze?+P>~SzqiY$.ɮ$zr5X#Ccrl[(Uք\ZnbA2!_<=[EjJcj#}KM	2AzIrKbl\rQ:ǯ\r*am]Uo<atVgL!>E:!*A!Tz5cra=ԥ1	Q1)\ZBԶfК͐\r;_\\wp3oYfr3H[uJIU[<F/Jb?CQ&I)qrG$,qA 7sD{A;GmMN)12hIc(cy\0FKd\Z/l3B~hñgGpe6sJID 0O\nl^=f6/_eb-P\'*yEm\Z&mPQ,%u\"\Z!	GsKd(1	Hun ut{M\\Xm<rc{[]ʕw?L.	1d(t\ZeY?EH}UΉ4$D#\ZFK(Ct\ZWC\\,ߣ;قxr).Ov1Uo**ZO݄At_m.fk\\$hCl8qx\Z=#JJuK$<*\0_*:t\"#ҰZ9?bؾ:zA}waSO7ɘTwxnhnG&A#_})j(	b^U/.k1Az$1a])K\n	ƒ&0l]\rO/`%*(a6>R]g7LWA 9`les Q*Adk&z_d(pD]˪DagDa||Gcr^X\nQ# %.TVQ:(%& a2(\"!g\rm_9:XcPb̨ʀ(4xM-fcH$DQAm!ѕvӜ=b?k?]IiώHQ>?d?8ίS!\r^}Llw0V4\"HϞΏ \r Թܡ8`]/iR\nV\'Ѝ;4%mUl\"{.`u\0٤og8KXMl(Or\n?KKFA/%0y	!aO.X\'Tdo.ii*J8r1}lP}CA!2t+W=zqC@[QscT7\"J`H(lNnAU.2b@\ZoZz1OϿ=KۗJKdy)ŉ!T_0CĠ%\Z_Wh,x]bn}h|7<@V;,D:ǃ~;JH_z>Q4>NEJc*>zP$eDX5	ERG\Z*H&\n3pvbPT1y=j馊V4`&9;\nB	o\r*ˈN6(m=u)xr?ӵxؚu*sV~q!	I/3?x@{bt&rI:LٟbdDiF;*ڦM82xGo\"lQ݂!_ť 5˧80,f6RеHkqnКaӒF/sO/\'?|lē@HO5io4س|gB?&\Zߵx1J(<1,=X,3Eg$5${pV&-fFhoL6F/#\'\Z1ʈUIw 鏇C>\"vL_6!}M8;I{T@)8<s0G].PԎi]ыAxc1C@p>WMKY%y	YP#DmҖhws)7{og}/-FPc*^2PkF_$($i7kֱIxD]CȐ\'b(ۯwũqbe1GzϠWP!VB6Q~NӅd;5#A;\r(l))ˊao7B*[+?]5dbB\'$MFPtŊ[_@{7Gs輢<}>aCuvOϘآ$Ɛpҥ*µ+6M.\r]Hggdu:L32$%NO 5*8ƂJ9qvJU>MlUbnc1AB2Q,ZV:c=o[PіkGHۢ\\v]n?E893L		rzD{w-Y ;W~q(X^X(fKIEN8\'hiv`I=lD9K~8:j)q!³%4\"ve!*qc[H:r(Ѧ%8ﰺ$/6$zY`zdxT)P\\y|/\0#0̀ (s\rG;L׏}x\"*Eu+0i1nI6(C1)*@fH-uHjI`jOU7vq.1MJ$=7C^P96pvtm`1\"@e*=]gO=\Z dp{7a~!`I#?@IG&)[G>5l/[;D鄠霶 GۉHn d^,>ĝm(g]T]ObGW3^{}lgHDE?ĭ#{%\\c)ͱrC{@RJb%mNv.n~IL4Aq~5^8򼤒!ks\r8~atM$vpC347\' 	w~旈{}K\"Z>[Ś!h_f\n*3P\rR?Z%~ٻW*g1!제-\Z⮣\0)BÈ	>x!L2ě9R*p5iJM<^ޟ dĠCT	R;hrcj7;J>\'Lx>~	R},)mxX2s@R\n\"\rB(Wܦ\r\n3VEL(ʀ4\ZAKZi\r(\nd, H/Bu4ñ%(W$ ]|爁PX:Y7\'tÖ=\"c\Z]~&6đ@˭?|qUՔjP??׿޻@nӽ.>CGkC8d}^tu-*$[{ܡh\nCIk.ZAl5rIA$Vvo\'-8YW,gF):4/i*Ah	I˪p\0n4F@9(tk>C臄AW=*۠AcՋsJ	`wAwHF1}$nqFD5\"G->i~s,41Z{|rdUT]Ɇ# \na2xG[8	AHQ=aGU( KtqD<@$JxBpl!xDjh\nƥ-A+/^,@)ǋ8Λ5Rٴ\'Թ3lp^M8C#0&g\\3fR21yŋA\Zm\\}x/RՂ1=6R5JeJj`rJVHkR2̫{sӼ3eC0<<:  hT+zV	WD7bv=3KKѫ\"ش>/zJ<٣wm叞^dĮ9YCیf	G0B$|~DZmHT4FG)͹x~HWaouNk;,TmFQN4eyq*KhyaɆԫ\r+Bcuii7z\rʐe;m,Zlh%_e./<œߤ\\B%CQ\\<^X1Ȗ{DQȋ_1l!1gO鳧Z\nH	ɫubsCg8&s)6wTt	&\nU9CYHO\'	1IJ>_:(rr+Su.=mle<x6!B2@*p!\n^8^ \'2|΀)/p\"Lx%v\'[,#ҁ¶4IFeRCڹXcEXn ]i99W\r*lP3$G鋔ӟrNCT\"mh<^3ZDҍb^tQYz)\r[ۓ%r9:Xׄ*Y$+H&0CEji5Nߡ^O?FOR?GOgЍB%ݝ}0rW1s-[tRQEn_5LnQ<zrJq!_I\'cur)m*#mYSX\ZE+K}4 \'@k{ro4ߍB0Ki%=*{(^AOOu/aJ1ġ{yD|\'z.¿I:J,Ho:mTM$Y~gwn{ mD!h//Jݦ:v\nN-\"P	U+`\"dPDGźpe^H)#xÞ%7-2,m%d\0h\\1N\ro`sI_a$9\"eLCU	;Tdx@dէE.44\ZLa&3cBQW@{kIj~#λN,uu;s +ܺw`xJ,Ǹ6xw$q>zx_XjʲBx]=d8\"8`4bOݾLw:-cGdE.ѮVԋ_\'^!?yLkf;!	$STcr:zyir<PY;!.)|ϲp\\%*g_EDz@H!ue	^QA(Ӏ `R58SO5qN8&MRoz9^j*/FW\'3Ed}PD!DUꜰ7@Np]g3z{.G\'B/V3\rd`̖}	mvN{H\'^[dQ(cs|JBhXrH 3\0!\'Bb?n&#subiIeo_h+lQ,(%Q$(Qd`(kأՂ͸2Z3H5@xز>ɠzP*l<u.rJIk\'_,^0zW~/.kUn^ěoޠ>=ZQZf匨1JSkC$f\0}ji@ DkG-A}[70IǻO[h+	^C \'RVl䳿#c\n$f)!X?9Dd]̲eK9Nw\"kCӖ,VT8c1?bǤ.[b\r,9TQIL\\\Zi}xLS\0⾠<hAg{ʋk[rƲMSjʠ!{̿w;*u:{cq?T8R]vvLeAֻHKj0#8iiMAbNW7U7CoF]Djj\0l_E*Cv<aʕ H!Ij;Rg8/cG\nAD cڪy0ԶĞz?DӄQZPt[\'<UJjRIir+ݤOBK*N#;5Ӈ#?0\\xMGwhmi7+ȺwxΛ|-x%2b{PoO[(g\'\\<MǤdaxc:cDK\"cK(eKk7E2f)>-w$	!F\'O	n1]lÖF\r9?&SfmݚfOpm٦b\n.>D]3T%#G݂HRd)\'-J^{FTC|ҽ6#\"HCWL(F\rX?]a\ZAiڅȍM	`$uk.\Z>0n{_/^}Kt&Uc>{?&khGdۗnt5{Ctf~}lDJE;D;`>~+(\rC[=tg8#Rp	wo($(6t\nHQqGG0H\Z!=a`u;(ڮ	t22	L /w~cF#gSU	u\nx(pڒCUHC}WzJ?Hr0hvyf\'NgM`0n\Zݘț>ޝËY<CU	Byl,q7-Gġ\'W/z7:	aGW`ygz^be\rȦ&PY<[F$H2vdu|F[{D=OwI%\rpr:YZ3Knk-\"*\'4SZ`bևle8+_`ޤvtwł9759e;[4!zS!#*NH2@v\"~zӊuڈӏNFT )>~51;1A2ohGDsmJfkxzڢzQӞ?=>F`ښ{,\nCSzcz[=ldBuKhg$A)5g2ܔP[C(!(f+:ndpq\"EζH Es F x_a%_x\".J6R2f	So?>OMoLB(\'Ă$iY^ŌFprVjOqߐvF-ө5=jzキ=I0v{$AM6t0a^朜sgtjT#oB9DM6烯P5]}sN\Z8`%ѥW3h\'ScVuSP킼R!	QKvSăkas_S#q^6 cP(DI憢>A-5c&qWomu~Ki).rbI\Z{n#-o&\\?P2\\;tF;Q2ix@w*\'S.N\Z_{bi+hq6H:Mwе#\'4\"I\nՂ#-x:g|+Dm?>ë>MbMQ`%{j;0/M.W\\_`Ls.h!\ZΗ[?x6jkЭ8#F]!!&b=m(I[H?GIR^re[@` 3x7\"\ZiB\n\ro^k+\rA/?7?e|pH9,:ZE0\nvq$`<쒯u%\r<QKR:Śz%9~d-Jޱ\rRt-?٭N8?zُHD	AdDבQmÃ>	\0TQ!Tt..ױVs$݀hУwM	]E	KMG`laʂg?6`Umv(\ZBS@&6)lQ*&OBޔ/bG[H>q̕-X^XT	$ieI:b5 *hA/\"ܦ4_\\vPR^<MyA@ElH\n֫5`a4Z!X΀RT&Zq~aqQ {]U\Z6-xȶv\\zc*VkHw^(1Ҷ4T>Wѐ΍W	BWZ3v\rvhѽ}m95bk	(6dph%,N\rmȺ!\r8afK6/>kA%\ngCpޔN6\n;S;Ōjz	\Zу#xJ;L\ZJZpFiR8;^W	aydyzVVDUz2:t-S_/3^nq~cn9~-q֔ X#|\rD|h9U%#z{~ѯCL[&ۯ~?f1,#V\'SHEQ	M|f)=UgZDQ-\rضE	z5C8GkKo\\\'H<E>8&ok\ZL(W+0\'+_]T\'@D\n8Hlu+Om?3(?{K{Cܰ>V%J5xW=:KH҄l>:b\'\\urdxGSm6uSچ6?Ǌu<L&KC66uEQ᭷~+s}\rnIܞDn)yM/,+ٙez`gq޿ཏ&#E&]6\n=iXkɷ,KI\'Ll4B\0!J=m`R	daҁ/6Ƚ*&SHHS9[7nC\Zf	So߾wx~~ɩXgPP3\Z14yȝ=L۰=П!``Ji<r&67SΟ`KȧPV0_ݭ/:8zdN>!DBP!{~촢\'Ǉ1:饻,~NOHCk5v_ݜ󳏸8kM<XS|%\Zuʒh\ZSȄ\\<zcib|F:+KdSHUInb\'jF5w|Cr87H	0zVXլg%&+1z@8;[O1.AcQqMsfCHQ],غ\n!|	uO鵞Wam˒lk/?Y71\r[`}8ŒCɳW^-N~5V/>CŚmJMaGEvd0ekh7!+NDe1xWK{L@y|II^XbfS!\ZhlltA`ɶB_\"2	w\Z/bDu+B@#_\n+X%TI%F\rY㣫?xcePB]/\r=@09NKn޴Y]`5>ByCF8ZAc*O!r\"1 v`O[w(}\'ǔz,9=O~o{SՆӒja\\zFdrV/X|DVt͸((ggDwHSm+|Ӱx|\rWC+3:E\r$7ޢW?\'3ftd\"I&!Ԗc\\xr~c\Z\rcZh$&L&	mf?~-r6Eu ޮD-)k_xc֏Hj{j1?	+GE^0Мǆ\02PcuQQGtV,bQݙ\'\\\'ٿdg̣o3#l֫huF2ǈNkW+\0&$az4XwJ0;;fcpM^mT|\rL9{|F\\PLSq;nnɑt=$aX\'].h$PJjO qDi ڧ-!*.IC ;l椂H}B3flne!\'KE F;:6g_yqHpL\ryz>&3=g&\\,\\P,+^|	yvՇ}K_Bz(&?\n}\r=?ie?zd<#-+^0B`wS19WwϾx-zo|(*j!uz)[f{<7X=B]{ќ7O	{!uN ڲ(i	*t\"\"tK_$z!ELRMmؿ/~jY_<d46)Im D&VI\"@i _\\ddD8\'X#A,20eSF\"׎%5w^\\!3ŔM!~ Ӗ\rR,g\rX2V$YC6rzfY.oڊ`EW3S,K5.-x<wB´DAɶpEY-/xluW|^8AiϨ\r\';7	96ZZ]@d:ES\npaACǕԌv\nG_z?)z8JmH],%\'4l=(AJ^W!JVTK6Uɾ-qNn&$2ҟ\'@*7rF7[ /-0Zn.>\"xmH{}R}(5 mW͑ɘ	u~Nw%L)jdu8r `V9gGS\"%z6RUH/Q[T`<&4`{N\n;7XxF~qH2*6?gr&k?A%.X.`\rh,RD&A5JI0Bz\nW\\xt~F:ݟ@\ZG/\n,s]a+t94SC]HG;f!8%^HR##o-2I][\Z$e+N#)\ZgkGQ{B$D􇐆\n	&p:2%wi\ZD Ć1\n<G\\\ZSZyLӢW(&t!X![d\rijÆK*ǛڨpH@BE5Igf7rq\Z)CF\0|A\nC@(=q)At3t>DsxU\ng<AӞ7UƮ%&ڥG]ɻ\Z)Ũbv.hLf#vq+oMI{ugt#yDz!Ch{1>N%>LDH#hr(]zP\rYbL^!	2~^/cpN5mpvL4kd֣[7/\nP0}jY|V%=2<6&)ʚMe\naMmRV9[o\\gt32\'.1K]/ t\n!1pᔶW-v`\rE10Vu:Q*)>lZy~>-OmV1z[\\^\rIwDotmXIj(qA.q^j+PZ/uz+-2#\nɦіr\ra~nF[}atQSHG0Tc!RDͱn\nK6T**vP:Z0)b͋8&G\ruk8{L~.;v^pV\nO]sDk@\ZdD)MO}͟A0i2\Z؈Q8AuF ݰP|O/Sl]}EoǶ4O~Yv\'sқʲYU]m=4Cr)P4`>(B\"A6f]]e1Ǉ~\Z]A&ٱc=tǟ~79p%>\"^su/\Zxٹ7᝿eR	DpZ,>S-8נ(_)rC]_~Ny\\!xLdK\"\\-y핶uSf\\H<F<	*ѨY|2/?Y<YaӡDJOvLF5hJ|6v5ʺ<;De!r7+\\\rAXA\\guPBj 5rcέo2{c0!3+1ӧSrť*|[H㊊YzV;iqEA ;zt>|p5	\\cf5J&n \Zf%i5\0i;Q;$5sŔ29\ZN{+\0 ,U}\n/92[HћT+`a5F;ͭS{	X}1\nJ{ʷXPx%=&Ŵ)5 dGwm+;]=\'| `R+Y/E6\Zq1W-ƽ.G~7pfp-\'ӓ8ssӖ\nLcq÷٧/QyOݲx!7S*Y=y%3\\peJfxSg>峇C_\0SP<}:9`8Ygd`0\n/^^%FDu̎H0L4M`\'sa\"	|1ZH!\n9$ Q&vu,rݲ>vP͔/Wi(gxHj\"@\nڢ5eA*:nl ;5-`k/mo(4{A*RHŒv,a4%u 2mϥZmǧRa\"Goo].w\";qpyE/ㄿ?{|vIdk/~_MdTĸ\\Gi\rf\rK(3P[mR֛L7j#\0W\nSqpvz|F\0l@6w|+*\Z$0Y5UXچ9:IʥcEy1qc\"|mm8?yDk\ra\n[0S.\'&j7w4*<U\r.pLnh0{	MM_<ǔkd[@&b$7R##P)AB$(Ŝ:3Hz8	pcz!w嫯ilO60+}dyʢ4d0Q$J-k{\\G\")d\"ܺ7chф Z=DWm\Z7yKg`2♖B?f݉UpGؼ@&!J6N|Td]\\vqp!w\"k%y\n~c[_DD(\rEmС?&Aߧ-*Fy1)͔h3A]u%~@:A\'S\\r@ ?R@Hi[vݎ*ֽoޛNAvQͶm9&6b.oŜ+f-D&+Wn67&׽Lop}hS$_?^?iɃy\'P]~c!QJ>]_y!S[0z]B-i|{l)/%6.w\ny:vhNC0]e+1b	C⼡Y0:a|>1댝EvO$k[-D̏{_\"t@?\\]ӖKbcC	Zi5R\nHnަXKG9[Z#)NO{??%4\r#z0Z@\0h:R@6ԕ\'\ZhᐲX׾IpN~Wع?aWmxyEq+ִ2dA\"EObO--62Tv͒`>m;6{ 8}E1$ikRӆ/o^TKSV\nGxC]=7E%EYS/zC8]	>{w޺;K#qE;NXW{aWoO\r{ c<Mo0@:!v\rߥY1[o}DKnieMMnO rz}ʮa?	pk;~BhN𭤮:IcS!ruAx:B5\0:J8\Z~L3aCZU6KqpO#Y]\n=pqm#]PW9ֽ/Rd\'iKicZt?xTPfP^P>[9\n/<t	1Jr> jF/gȞ\ruo(wD\\\\!#CT/9^Д-H6[ժx(sG lZ\":Y5,4&ӄIo$cL \\>#nD6csC\'\\=}񯨪KimBu+hAkHRlz`T\rv徍oxJS~\n<L&AOS%iׅ|4U0|i?>Q\n՞hPZىLF&Abm5*L }㣟#WX@YA{^^Ǵ\r:5VuA^jd;lmB@.*f8a°$!k_6@A}>ȍ.˭||}OYw%ӶD`v\'gDx(`lRn06`tpt>@p)uB@Z\0[d-4!faqONaKo`/hFkbAtE9{lPys;bCO܃z5GUGPg4\";7o{AQͱr4%!lmM$jxrN[9N,:\r2%\"c*yu^B1_JQD)	bpLGغ ?{-n+T1/(O tWXxp=I+N(W4k/Z #V(P{X_zW::p(IRO>D>f<|i)]\nVRzívTP+4&IJΗ<+-9<l7` !Cz79YS|yF(Kt\rJ@Ud\0rz@~7jU#|W-ksfO6	#=9%4|MviQ	GdlvSTusr9NTh[rGk+@ؖpn~kP`//}fs3?}:sooB*/iƽKn$zFhCFjXoЛ) cgT2-F,ݏ&F(\Z#6_lN#-qgBOc*z\nmCS[6`K/=N \"PWH	zEXPKk*r@;j^~:L`4Z8\Z^[UFpQI\")*$)%$MxtGJ\0d~iꢗ%u!NQ: mr0+{7!ܤ񊏟Uı`4Mv7pݳW__u>\\ׂoM1J8t]9]wpw|ݭ&6}yvչ_p/Fа\n_x~=ۇ7x%X_#| 抾X^y+%&{U7(wX,*\nI$DEEv5Dnx\Z\nܼˍ鹧&>x.Z=b~e[DDҠ%Q\"[hs\'yVRK[z\nʢY	#x/5j1:mdeqM6Gs8:g}1gbxo|i<2Xrs*9z3|Qe\"NQ)zxC$EH-<?-8EY:ē\0k,Vj^s^oe,)I_cZo#\r>+z}Jr=9.0k0e׋k@jOQ]GBwHQѴΗIVX`sY\\ddj|WI~?1!rem7W\\Knp:A)7oi6Fq\Z*a\"YaWEPfh3|36v)f#\Z@%RruĪ;)\"sk\\	E_?cya2gdi3{W^Rˈ\\QVq-:n\r}gifyƺ&kXY34~褊 I0Shg9zkD8`LM=\ZqbL|?>=B\r6#5we=BEA\nt\0i$ٹ\r*^I`3VWsp\r;nP_ :>xAT-%uѐrED(AR.û_ƻ8Ec%\0ZL\"!zY^]=YQ-ވ7CSi<{2&+	#A0@v+m17>Mf٧OݺjyBPy4-P{M/hgkvDhJeNŶA߅bZbMW(땖Pu\rƞɭ 1Ŋ0蠚B\nS#ī)A8I{o|u~&78ł~ukZ%4/k(\nas\'3,ۓ]A>ۮ C拽}s3LۀXt|S3BQeVw0yWG!:ͺN~(g~\0o7!̊v	bdtxn|m}?\r<~[R>NӊGrj6+awb~IF}d(bGCF=\nۂmw5Eқ_ͦ%8ݍm+=]rdcי5Y+T߁rb#!۔\"`kB!|_=#ҭ&ߣ|qI9;0c.+±Bp?aA?`שS\')ɆN/q#I8>:!Nc􆠐4#cR(05,X`[n\'؃!rby`ON#CͺiI\'\ZqNJI[E2dh=N%G;Sv=\')DCId,[!.Zk_(h\nghiǱ@<pqAw7q}<H3tD5e&m\"K2Uv<,N^:7p4qov!m~1]\\P<ƅ(	CX>\"ꃌc,Ԩy Ļ1n]85~t]l[t\ZIܲoع\'1Qb(QD)V%*hV#<MƉ_GhG1O	e7 x%v:Ok^C{Ր<\"͉h_^R߮(*}Pj5^QM#1\n=ЃCPA-V8!DL%rc޷!R4FJ#0w\r	\\V 袰k.}>\nPw1%P4V)hA֎.h\n]dקkRIKYP3dPO^p5@hZD{#.&?~LyYeA(`5XYK1b0Ų]n)lɦ!iYϖxsd<>DzGsoOqp8R霏R.dS8* 2D[+0{aHMр	oBmb.@l}$ca\nPxb-S2@\rӟ Rt@p^@&9o@!ϐg\'p\0N yƦPbL#	VF#]exC2\Z9nY#Ξyȳ\nzf].p\\Nal{$[71FoS=>/2EhK\";H2p(@#WNmH$p7\rjzc4Ŕ>:H~{5ꣿ-WP\" ;EI&ŔUt$cDacq2شs䘺tlyrA^ΐ\"$l\Z(6WdCKI=xB[cTR.wnP\\XhӋUǖMoiQۆzIAv2P.º/C^Y\Z\ntH(Q/<4%ԕ@<[g5\"~dNp*-\ZD	tp\n\"tEǴUfzo`	Ø$or?w7\0̊+&[;$/ÈQ-:(]Mu+){\"VvN}F}Bw떢Nak}\'&1sܺʞ{[o@	\r1\r\\|Ds(g3q>!H#%4]3HsWl(&knУ^劆g(0ϰ&{_Ǭ%GK_vc\rU栲I7# !AoKMڳ#_hhlPaLe|B^^W!z6Ŵ@F$\"sHFG\rA?D)cl$H1s,T.J!4JP݃Hqф|qd/\'H9qpOc4Ub.li%3tqx+l@U\'pFb)5h)+C\\IV7h%eAR\ZN~GTZ[L	a??A`{=>UƖ!,+E&o}FDA$ݾCW\Z8Wc9Jj 4^Y![[^hz~\'tưbNU}d0Ŝ&+\"C-oS.1_P;=]6>^f\rKՓ\\h\r5&dv\'@Nϗ̎!A@1.7K!jq6ڰ5BB}\':[=uXSYK([~I5&N2{S-yrO>(բckx݆q׭B*`䜽x((Z-׼ɟ#^yVoxca.Y?V6G>,>[ߢn2j#KfOǼ8세#J\n+il[\n*\r). (҄(8g;qTub6vw)?Y׏hYw_wHԋ[>huae b+\\ۢ,̦p`i3d»ΛߜSzx<Η	Exom@:8=,y.X\r[oFG{PrQj9B\"D]yOXC<.y~%;wm99?\'01\Z[\"|b}u(	ui\ZG6K;3\n(0.Io2cyF=@oCfP&9N!Wew#d6E\n/$DpRt1>\'X7\n֬~w1Ӝ[CA$_aEE	o:xhEsk\nH\rv=#85Sb:-5M+`Ѹ]ʊ#Kv?Ѵ5LP(pD\"\\>!_]B|\0z@OsiUBG/h]\'um\rIx-*055jJϸoޠzL\'PC6UA+8\r^B4&9;6\"(iUmq=0(ڢ\'þd}F%zIҨ-ˬmhguiQ:c}gl!1!I\Ze4qˌb\\*VH;w\'Wps?\\\0B,:\Z DU7Klqir*Ԋru˟-z\n/ǰ7E@[$ă{(Y%c}tγ2]j<AAo*	OPu	o\"C|b}yFW1{!v?AS ڗӟr~QWnaD	q5+w\rkTK2yKxw/pFR?c=X\"j<B)OS[ɐ9B*h9OzF$x\rn85\"&}1ufyMb[R=)V0Ѧ	kP(pxAޙW)ÛO>%^O2C0fwsjd\'?9vSV=%ԗɘxGDBIjBSA?1:|llMu<BQՆui(f8V)VّU\'P| c	v<.4Ղ\\i:Q39z)m;\'uE3tCnv5jy}XL|\rgWxFsLA8D%TB(>WQ΂w/,dzd5YӴ\"? ֎S#96W:lĶgEGcTxuiRt_mN>\'{cϑl_7ɘ;&x/|GFhsm7o	,?\r&66onmB4&:L\"ErՓ?zty>Xpx˳IzbxMɪ\0Zt׾C&`ݶ]DwS^m1j8Y|LOwlDA:!/B_y-GP!ɽ7I6op?fqr9Q\"<a{E&(eηcMqf$	7(.cGϨN$-ua?)pq͊h *	FLYzŋlcy\"oIR IUAh)@H=M[UЙgB9%q4gF\n*YiOAWc^qRPyPŠ\'̣\\w~ڀC7X?bzZsvyOssQ@o#mKTS5q>_<)ִ\r.³`v9ɂFQqTNV>IT$ N\rqo͟@%ֱч~!t	h5}CN<`C\0)[@v7ݔP%O?ß(7}ko{!4s(C@B!^DxfdC)i2Ao:lVdgqq0 A8]oRUuI֔_D4edSofj	Xˠتa~Sl\r C_~wHd/h=F\r_Mz7ޣ|	ӇEHCqlvBLDP.czMuzvp{\"\Z&\r	>\"ݢ?HX4hGsXø+k,a/hYgPe=ڪci.Q9A:P`@O=-U\r9S! *=%$aqu`q2Co{//A\Zw÷,uE,D\0Y:r<}FvѰ2|ʡTK/61TUxOHv9}f߇{g\\=RVth(? oA\\71=	0!Îo;ε+C/\ZzY-7Mqm 4l9C\'0C}LctL68k.v7TUܽ!\rpI$	+QA9y|\"`5b6F.ϐ@Ɇ6x4D\rˊ\n+K24 +`0ܦWx-]O1ϱmL#SrS\'OHFGxI.C~_#0>bc\'z)ԁ}B%z?9?0,\\NV3LCҘKܪ`0@!M|qkH2{>EAEVsHtu=&0\ZwvQWúٴ+ٱ҅f;{\'`\rY#.4UL#r)P\'tUR*YXyX97,/x\r͎sq(f;].&h\0Vv5bXDH_C?GonS,>}@D0A+<9dVA{~=m3DTtI6g3L#zۨYd?H[vq]d]\ZuHpQNͿ`I^y\rr2x<T{.[[?=Edp9O\r:~oM!U}jDՒ&F+WDe%_:-ˣ#j}~\r?dg˖p\\ń<GIH+=B&ޢxF~vNzzz#!Ӈ7Y_\'MȪTCGxi	.Mk\rEpT20,D!L<A9	.T/[\n4a\0JMk~+\',-vy֣xd<u[@A(mbǢBB#AmBKS[P{0i*{4@$fzN!7%HVbF\'1z3VZíi栁ӗN(]Al{Admp&&_UT8x}hrN.tm#\nȄ\nL7]uN0\n\rI!xkڦ@?\ZhV4gϹS?\Z	1WS?h-\n6^W|?wHo5\ZXe@Vx{	Nw\"@-Z#i\'O![C\"jL\rcڹ&#kcN:X(\Z񶥞=Db0d4~Ia-v^	i`Kf6ۻZP%W%:nL,\"	a0X~<7A5K\0iE@Wn8x^r>MLk9e͓|JۯMvъI@8\\0e~NHzJcoQJ0ylmVD[MJA	¾MvhXb.[xB\rew  I%i,!|1;v X7԰+H솞qK,l0\n T$1#1H!h}p)*؁<@>>=ŷ;ɇLO\\/Y|猶F4A>bGAT`?v;1ZKڲƦG Db^={߬g<U~\Z[\\o,wA7&׺y\r 6`PGP/UzVquVRVC.1=W<:ÚǏ{	\0ǒtc\ncIm\"*;)-(țzEYGǬfkAUdKC,qjn|lrwG#7(ʆD逶8%&N/hޗ%\nA0[̐I2#M\"d2ӗ g5\0^):p~UV>GHK4֬f\"f%:}AЎMK=2\"kliJ{Кrm-+K<\'ba+꼥nYk3Iz!m_%\\HI+ވzђCKנB$ݟmK@$塯<}m|]El߂(hqgR	R \rJP*tXAp#]/\"[oƽo08zE3mWUiO(u=<=H4(@!JH!6F_rdoNtF-<o}##̔6YN%pehB98yK8:yfGp=%gu:`PjOײBwU\"ꇸ]Z7%DHï37˧_\nrnmhtg\'1ae>O%f)ma9gL$=I)(iW0*\"_1kXC{	\\.:NG,(abZVU5,MPkA]WA@xίuxDYw碀BlM@9]cCi5{DoLxjЖ_{\"% wav̷\nh6])Y\"\rh(+B2ǊDjX/VۻřG_5uo=>~wQ\'}RQv\Zg(to@^>@fv|!\rOpA(u)\\ǣk(xxv)~ {tщ,m>gQ|e[,.f0\ZS>{#mEdʺ1fZCwϑN!X#5<^S|s3ϟ<zі qҭ-d+^߸7e+^|2[O-^{Z\rꦾ14V@EHsHaJ5ߣ[&ocG%a%=1gg/ϟᱵwm19tВ/Q\\>g3lSB\'NSZd8@oq?#ɦQ׿N/^;.z_,	A(Bu{N\"p;*ϰp	p@Oȼ SƯ}ryFӜ\\ eMVˊG!B҆b^\Z@PYO%JCirqD@ǂPIR {kǨp7!	Ͷ_P\\x],:Gk$yf% L<Zt?va%8ep*{1pA\nŔ\'ߘFMu|\Zm6\'!\r`A`Yfοژ^>V!چh(SL+IG嘆=`Kv~JyOy1ŲU7M6/ ^kWI@R!dWB@eބu|5]^om~6w&}$角dB\'>woB_T@\r^\'4Ul:ˡɭwa1Z?Owry|^i&5\ZN0$juFٿvlVӘo@FcNi\"UX~D;c@\rv߸G}F&TŜz;~WsY֗5WBjqQ~7vvMݦE2xgȋU9iXC:%\rf	wh%Ysr_Qւż-dEkiRr].7!t)IypVF[$)25Al>Әk̆}[loRݦu\'DfxA.IJG(ՉmHg/gh%8xM?*fP#HCEWy|A[\rMr~C	V\nOw;|XhdWd>>9fL1ȧ, toY|g!dW  ­Yz ^W%dw3:BJ|RxvmW#%C	\'A\nֲq[iJ;bZ(}í[;8zIYaι}NJ<\';_oz4fxpS\\bڒWO k׆8zF7^î`0?P`!WY)&pC9{F`땷AL1gg&|.(\")gK̲2= $B4XF BIK{&;}yeed%Pҍ/,h2QHC5hIA[T,	n(sgغ;I^}E5@ߞHIKn=餃H=u1Ds>^\n>ox+p>DinMQ>:ě]NJ:9w|DIpO>aѮѶ)u)v`#`}zju[t#uWXߵ4Y\rS؈AzmPb|<z{O~=T_`Fe+Gx7H7tЀ\'K:6ݯ]_w*__]0x\Z+;^;õ`Nߞ	q>Ƶ3NN\ZdW-DyMق8t!x6:&\ZP3Nϗ5eٰu+I#_;׬YhK7\rOoE :KC+!m\"]fBQ:H6WShh9يJ-B\nބ;KWLEFX	|D!Tktx0%eX\ZhmVI8<ɯst Σ[A]{*qƯkC.ɗB\\:a=w4m7x>xo\nE݀\n痂|u[<7$A 5lmKF[VXD\r~ٕ-KAo1Z\'*}GU*֏waWXNBFeFQth#\nUwȣk\"P\Z%@`ޠFF)׾`|P=ʟhG&5!-fˮ\'kZ F(0&g3kjak)p~3\\uˑm.|?04iA,+eW-4\nYKL0WX_<k\'PD\Z@)\'/ȎiGohblF3h8SmI7nnKj]b)żX.gOjrSQFlܸmVӧi	V@ߤ_Gx0Ed{:؈=X<Yd(i\ruA%JR\rnQ\"b]u4oqCE!$uxd&дyLW\rpͯ=3:՜7]`f9qe8\ZVSmK*E\r+3v3Ҹ5\nƝ׸)OV$!x0e<Z>Jj(QuW/ktMk[V?#qV`}\ZG@ިS>#ǐl>`1Q8e;gȅ%{v	T!\Z_?\'H;v.n}p	,)}@{a\ZDAX.\\V\\w\"$(KrhSP۬ArMQx\"yMxwoK֑:ٌ&b%BK0)\n\rT<`cdfA4uh-f+dƄoKc	^68ħ;_g}ykJii,jD)vQ<%H ;\"\n~}D`2\n\r5SN[,`$L5}@CR_!:Ӵ_:֠CpްP]U4¡ǒy]ܢi[݇RJ*հ,\nGVI=EYCUxfDqT<$!qs(:!6y\r&po2:uNSvN6=u5Ҷ%ل H=F.Vc*(=D\0Dē-֏~hsN%u4~Cla#C$M]XhUN;rsɗ`[t`/ kĿ9㽚`V_h[Eyaqn@ J%kJǋנ\ZS]Nѭ]*3̧pr\ncABXP/fYYG\0mfY)zwY_gUP\rui0s1\\츢+Bqw\r70\'qCKM\ZC)i*/^ĆFgG.I{d/OAޤ1ߤ055d:avr.|]F/<xdؼ+X\ntd+M5ACo9A$qR\"G1mYۇ(\r4-:Шt8HH&9}X	j	Xl<¶Ln+w<֑R+m7؊îW7~mRKv~os_~\'/p^Ӭ-?ïTh=H*BDግC\r%ք@EYӮPp2.ge<drDeYā}X[{\rM\r];;_A1\na|\nWｎ_A#:l;T}ׂhHjj)(&*HY\\6g*/u7p~Ϯ 쁌$]nu<Nܰ5[`|Ŝ)0_0=߉g}zw	!\Zv`\\DA$kIA]c>yLzL hg4Uq\"F|TGGzbEu	\"W,}ɛS¸G\r{ъ.aHg.Q|tvB}]98xe`I(UYVZ{\\5(ҨQHЮkՋr-ޯpU:־<u<@4@23A(	HVlv%r.eNp#ύ戠߂Pmr<\Za\n1b}LomV``ӊWϑzjE\Z!	I{bDX`Nn\0E\r 5˓%\rxzGh{0\Z~y%Sy|F?B<?rf\r4*boE8!N3G]d\"T ƄzcM@mWe@UW9e͍ft{6=<x!b2\Zqx*~X:ė%61oR?zDG.m#k&c^$m\\=Rq\0*[m4\"qde!CD\r[,)V+2߲)}-0^Cvh8$LZ*9]cz:`_7c?q|aɊA=@q.mvJn8i:[jbk\nm^a	A<Vwf=aρ6/fxRk$JixDGf]WeW-J\0\r\Z5%4ֱ֊wGFhjwHip\nfNq13*$ \Z	z1yH%x/`\n<Amm\"g?YBvۍs	*9i|p^~[sCmǞZy&\\uf4zC\r(!U]bSgV5A҉v#; 49W@!AJᤣH(	uD<:`<;J.qFX{Lp B೟s	O~9\"qW/qjr/{g̏Rf-DYl7]|3gfw2R~{<¯<-X|yN5MY6$}5[.!}5}Hy2öS^PkrPqS0QVn,k(lzԜҲ!YL0 PegJކg$2z4<j7T>\rv\'|J-5	#A]ynVNԍ`F]P9$*քNUX\ZVb*kv|0D\n4(9CtpRPq\\#3@ok)R7}@n!_.AZE4e|\ZR֬/tۭ\0W36qݯb#Radh&0V\r];h?	vfN4ݎ>^tmAw	o!D3.@ȸBwu{v\0EPvR5P4ʄD\'5nWj^\\#(:MPLxg\n9EX=Ho?(\rн>M3.~~FzNb<#V)KJ@Cx0!jEka|ޢZYz<%QY7%\nNCj~&PΜҘ%ۢ }ZѮN|3cx\"\"xWW-//fU;)+rW!*C܇7Ή9E\\58F]TEOCEyRqmE[Jh| \'<i\"P\n\\SRYɺנuXἀ^Pnn<i(#>xxX9RztD&6^sͼ޻ߦͧ	®:K!qZt!BuEUrչoHnI8uv}DrRxq::nqњS-f.]G{Q}el^k[	>aś)\"ub&W/Xrͯ5^I\r?hT<d5:X_ϰ25<0ÔݰhARVSd%U1}\rwV8͚Wra؏ _Ɏ3&cfRoB6TӶ|Y*ЂPd}D	g/آeM\ZUfW9M\'T(ɽ\':pʒxD\Zl\r;yɉ-[>*\rB@%]q;xp%Qcm*ȓN.8?$ Gͯ(ezՂL&\r[tYr\"Kmi$L6xᐑᢀlYY{#n\'A&7:?GRv6?s7ZD+(A\ZduQA\'ud!ɩ_t.8BS4(ՠc/(O_0ںg}?=ɔw~2Ln%,ŏ[펁N\Z{|(R~!\rN1[UB=a+\'qӬ:#zdC{\\3!}D].\0fײ9\'£ <|yqE<ͧ<.Uj},ᓏ`C?4A]OJ:*0U!4K%Ih;5akHb>?%y5;)yv{̫3^ԫ(0ae>e7ߥnAoFiH&DNٚ&4h%ѵ%VxQor5A\\lDʆl]G(\\t%w`ᤆV\'(b@ptu}jӰz\"iC:b8t]ţ./P^{ԃM\rU0I\0{d\Zγ9\nu0)+MN\"!6]\ZvVC\r^,xIo`\'ś)AoA!FHbP)  K\"tq\rRt@1b}t]ܤ.r.Ӛ*gJG0B0\Z蘡*RQw:/~\ZV!㧨:\'l GF\"\'!vo	D#cg08ape{H4<Ĝd?EN7z%@	\ZPH;r׻xTε`\n 5\Z\0w DOIÒA\\v4_6<.{h:S0%	ܻC:3}1j,f>2ٻM3H$cr\nSh\rFD1pޗ;䳏h<]0m t0tLA5-	\ZYM-\rp@2[CymBj<Bqt8XvH\nc泌3O$0AauN YV02\r*UTڽOYw672X:Mfh/bn8Di;\'K혞?|#BC[xSE-֖(`~,-&4þdsP2{7&Z6/	2&_|QUYKlc	zHS[nA\nD%%dz\'k\"l׍Cs ổDƮ?@ă<\"`sO\Zk?捒rsKOe\r42~|$&Åo$MQ쾆!ރ=*GT31-zn͜p{/$$PS\rx!dpu7>.&ķ/0Yz\n\r~#*4`-d2c0\\&\'+Ng%S#R15,_<e=aX\")?QS?z]Ѯ\rm\rۿ(O~Fvӊ\\gXߢD[#DЮ;}F]j-rLa]@Uu+-( n\n0TDkiޭyϿAjڰzlY\'ݺe!ZOum$\r:zli`lF2e=Ox[\ZWx*Ȁ\"(B\Z!=	*ԅ@f݅2^d\rp~^obgwr7n-E5\rͽb&\"{Gc#sgqNOD6Ί-1_r%`\n|ĺ-X?!պ@}T>BΠĶ:H8L^Iuc&l!4R+ڋ-?t:*!k8h8%VFT+L#Eyxl{h\ZKh59٧W\n5zcڋ9՞P㤧,|)\"L>=]Sv_W%Q&/@`1Țdr7+ApWR.:YXt}r$OuA7An>X\Z\\loL\'|v|o;ӟłǟ|@\\\ZPWاuu)tj)uQ붂.B/LvBAd#$֥SbU#3Wy|t\"\'<2ɘ<[ \"	s9b5g\ZdwGWg\'X!HSiN[]Kda++g%N[v{:7|__gol\0+19q&ǅ	ar4#_nH_E\r^Eޙn^\"d׃	7~@3}O^#F:i8~տo*\\nۿ>/~G\\`+pT;[azW-4\n_}|6ES]<FoDpХ0=f Cy|HҀ*8}4QF\nDBĹ1U1kKpv8(.U{zLwd\r|	f9+8BM*i	TM80F[_u!GԆ\Z k&zޑ{Πlv\0twܚ^4f\n^ceu@oE}:d־9\\ΘakXͺ-H\0nwȍcB=7(go]5wG̦)?˂B(\Z\'Bk<r]jq=|)С\Z-<^w^sIU\nڣYhqp1rrFغ6<Ԯ{g-<Czvv\Zrfo7_\"Lؽ\n-\ZgkpktHo09Snغf\"F<npl<1BcD!/	C0lPkGxmn#\"P oc?*_A}ٽ\'>˖pAD{/K)L.Ktn\nO> _$ـ]JEh9AϐjP\r|}Jܢ;UN\rRFh)R7ُ`|*#̙-[W[~߉}ZyW:9:ۉ&[ T4hf=cYcŀy\Z07~[\ZI#Qd͎OUry-?}~ˇ:88Ωk7M#V.w9>sd8flpj.I&sT X݊P@kmp;t)gӷ)\'TaS1moG,rz..&\"\Z|<hZeT3RCX\'熟1,2ȋʩq;5Tґ(hm:G5^7uep<@k:;1st:D P-\rOsqpZ`%(|x/\r@z\"<sx/?ϭgXX˴1}~PSVt-/CvFSuQV)y@\0C*Taq8b>\'z5_φhdUۻȠM]kܠ28y3|Ͼއvo̆	tZ\n7\"fvJ,agOɲ}U\0ҧB\\NWUD]ۇ\ra`۵rɈœNVs{\\o:9aأ4R,#ţ~pRN]O1đ.(\"Gxgɘf/w{:_\n1Oy\nqiu>cRQk_Ǥps/\'d㔣;?+?YBZR+-BЭ\r=ui3崄E\nA:^d\"A[Ä$u\07ue+CB݀\"gu}DPfD*g1(QZbd WlXfklۄ˨d	~C3{bX4TֺjW7/]\'D \"p1$PiM.;I	:9C;T*F8QFL-̏+Np&vlBمXAoCLrUvc{I97._A.?	\Z8nh?FǄ݀^9|R1tƄۗ-;)5\\V?u,=OLY;Pyҍ7.s\rf,6(jpaF HDf5HSMYX۞GGR_{\'#ֶst]@g܌b(#t&ǵȒ#(\0%h@y(Y#RsCpBnœ;cw*ۯ2WǤ{T\"L߃$%$9Q4*wg#&%wO\nzVa}H6c/ʪWZѩ\0]&][Օ̙s)(25ahT[Pϭq\r!Sk\0JyP)TAH:3^~LHHAxF˂ֻ]jPg<b\ngE\nd<\Zå/nZ@0p+?>^\Z?d}u2O(ǏP2In2>XNAZdJ*\"+\0u;sI#hڎ1m5C}TS%b\Zc0apگQdY!9.|z̅Cy%pןh7Z#?^7N_ci*٬`V9tڕlX[Z&8-IoC\r ѹ\0TCof#d6H Y\"aE2L\Z$g.gÜ!6)|r>N+E@t͏RTĸ)F*$yz`z_K_qah#kU\\9EѦ놈\0RRJ$+890OIbU.YVK47$l:-V\\װqRjg<9ī!!\n4ZWH\n7uK-ګP\\\r8EIS:A\'3֮]A1a0¦ڃEL7VYv,3[8S\\ZqY8}@ Z\Z.*aC+]p8F\'o&q(VAv!YҀT8pP*nI͋X֠OFc5:ѾeNй\'jaE5=*HNP$9129IA1A6vZ	&W>6_E${Wp~DR#AϠ?~lXXX\"N|qN7\'wv.ڠ\Z-ODN%ĒYf2<e~[[iF둝oާԳs9;U<G\n鯣*g܂1Äp˒Vr*l*׼H4Pn):ڭ):Te%7\"&\n#kes9TIʋWƬn&EP,t68yRY7dxpYQP>USivdqbA3rC<S1)+eR8Mmq8PI5ט\nSiJ\\R,TϝѿD  XCͰgVB҆UȎ\n%&AUt614:!*.u.1y)!\\\n੐xu\Zkϳ	Oy2v/^BU;=f8@!$)($%X2Vmz\Z\'uM^BַVo|	e;gVG79Y!s?ՙ]yh\\%4j|qJn✅\r$vBِ2HH?«_qmdO*I2,9\"!_.!R\\9?\';اh8dƕrN)$h^~)~NߢYh\\Q#w/Q#Dc5ۥMX\rL?ƍoƄh FiF(_0g\"(y^H)Scj!w\0\"MgOyR׆W5Hװ)]++MIF	#IǕf6SY9qH5un.\'\'W\r!!p%B,gJ,A/}}\'ӌV~1l<\"hdV6Hbjh\\/96)RhNllTD\ZotDQ^bB/)P.pk}6=\"JnÎ^riPToi\'d\'GRWȍkx[Q_{}+]Wՙm?6ޛ>Fd#j]G4b2K/+1B8Մ^g \Z2X@F>-ГbWcͼ@4.b\\s0~ܼsksᤱﷴvUgFǖ7j^Crf\r;\0!tPQg&w	Bz3)R2鳒)*,+\nm*ۊ\ZcA7absUf6)QEelz/*g\"l8F1BJM[Ŕv7/|\nM)Ơ)<E	X&$iE\r*0Z\"څp2UKA5l]+|Om7|W5UP{\Z\0bdukc(0s\nje TB.NT6P-x7ނ`DcL\nrV\Zgp\n+\rIB`=\ZxGk+)+pgλeP1}Z	\"dв{|l%uA\"VTLqdKqO#z_\r\"1F}zw>UƷ\rǏ撲ȳb8]غh6tn,H8+F5}hlNlaUB]kHpCՒdc>1!Ͽ\'ߢڔbvx\\0m=ދ-KS?az:*NR5u>9Eq4$Scs?FlZ\']\"l!ڛK`;]p*~ӻCi,eևM-ɫ_Y㙯|nǠ]!MVL(k)8YAm(svZ喬	͸.kWiNhQC8_Xݳ1p>qxT^j]p\\=ܟDn?ry%a=cRF\"!V[!d`\rcStvL7\ZMVՐUQ&BGƪy\Z/$Vwq!fv7㻔A70`r|C>=FRx6\'k޼Av2Cd9Bp?B>+\'wFQkQMSAa_*ui\\FvL_MYh\0;AKAa 4lxّs,O@+0J!«#<JSs&qNB&\'\rҔ(\ZWS\'o2?]PCaW\\\'x~(UTR5{@)da\0Ɩ^\0ѱaݫP<\\j%CnA;έfXH94y\r_^l^EW3}KpVz풺,I՘63HH]Xc\0NlߣzNmL3k,lI6L(+O}4iEZ[d,(BׯoUFocVRSYo.eJ))s2X\\z9MMPmt\nYP/Ⱦ\n(EFPUk	e4/pF1zIEurpgdGPC?&Rʳ/RuهQ{h |{}g?}fT`ys;~<:!B|Y~U0VL(kh$r,L|i穫1qO%$B\Z&;56>먓R,	#12ѠgԳ{r.SEY\nu3~\nvrbJS\"Zq}K6>,tJY(cuZQzS8FqbARP\ZϬS<bXW(렫1]UVk=~o/v$dʁho`x/YBc#d>Ng%^drs$YN\' Vkn=kEnq-v}QA28cQp͎mV WyaDNCT*Y\'rPoR[ѵήΒ| ϫ}U߆vvV*f56.6\'N)|^\Z3:*h}o\"?yL\"/RV=Ck|gbAjC*&?rA~p\'/\nE8/ L0tIFc YbSr1sHǐanF!9:Sz#ßJUR]BO\rZ\\W6hqN-;owP @w#TZ16LYļ2X\':^+kx4W6eQQ׮B\"L!65\0%E rl̂ tF!E5U	U.TY𚈨 E㥡\Z}a[rwn{<^e{|^KعQc0J uJ>!;;Cmګ7x@p1\'G??g2<\Z2/(C:_Z\nQk+IJǁFF/Z.~n~y+b(2l\\Fy5¤rq5YS%aat@W	<wv\\|exICܷqLAFňmK\\ֵ&TSfLmRS5B\r}Ȁp~BPF\nƌΨ\nG$S@5q0\'s1(%gӵ#S6:ZDkI9zDxK\'h\r⨀wNʍ\"l\0c$B܋8\ZJ-ں?^+u9c\ZͶ/3.ݻK|}L	\"֌~\'xŒ@:}I8=ۢ?Fh;GͬpCIi\\7s2\rG3S1cD81ZuTFjQgJ@,Eބ)Jgxq.71\']#.F%h\\AdιjogxMv6HhUz~r|7mL/p5bMVLsޘ*7*CĞkc¥W^x\n~cZͶ-`>Vh=Cܚ]JY_g<s.kgQQx0O-hmDoѼEkkٸap\n;k9.M;[nEi\\X>9`{ԵpjC!n =4Q+[9i{?@NX\naoպ~in\\GJC?v_,NNw~ث}(n}mկ#\ZQC=U{9Ķ\nvbB*9&:{t5twzx%M6)!tC) uH^\'J\n D!JQ?%526	&It1>uh	Ġ1ƷSij}P\ryF)&vS9i#1ƽGO!93:`n_[?>?0%!27^!X{D!BRw}ӿD\\Nj`䴑*bYθ=7)&`6B&\ZN3A?2kXy-Z^Xc(`tgxo.rs*2<aaA8	\0?W\\z[ FzfKѼڃ-4.dMA\'\\z	T~\\	\rEET-Q8_mn X[c>Pj+,JU6[~4i|}G7PN7XQg/ ŵ%(ΩNL9L\'ÚyXa_Go+8;fv4p5q{$\"9SHO=Mi\rDLGbT:0:Ľx΀xTPȪFFɩugݫqHngco[.\"(dAF\nk[jZNlc$F(ӥHPs?=_݃|uL}茱I2Ft0h	.n\"??q^糿tkbB.~:޷?y&CA˅}(팛׾xβ@x.A{g/=/~|9`g@	H\\WnolнpfumPN*53ܰZLg~k|mtVnG&=F,~_`%a.f9<Έ`5sczsֵ5U&\"jCMݑ-n4Vd) I]mjOwa{a;9)2j?D\'sP\nѭ2Qfh-Z0ɘ:387~\'ԕ]P~?\'CoA\"Ą7!8&cZ#}g\ZubNP>% 0\n]\Z\\E\nn	+jh\\\rplehjTTr\\h@{(1Hs,>qp\"MYh̡,K2QNrP@:L\'>G9`F:NУ.Ȟ0tSO=Ψ6AfdAC!#F	|SO`qGrNt6,lyq}()g3ӵ&&^,c}<xtZK[d,y劉%4gD툸׳IR,Mdqs/ʗo{g<8VGܸ`p\r/ߠOV(c̭˗}>mfwuM`O~1Ô2&k*ٹijЎf+gGx{P)fSSQcZɪ!߇do}%3(1,u>qZ8TiED&*ALq8%UeNůjʳ8mC9\Zrwy:l=Z)m8?]b1_tN=s#߂Q0O?&<EmRt_rNܧv#.P]Lr)RtjlɀCQT{lD5G|N4zcDaw$84jTNRTl)RH*KP/B	Vmi2*eRr\nՇPk9IMCIP\'xzha]fjń\\WcsV%E\Z [BjCƇ9\rnVC2/)O<؃#^S~UV^Yb8u\n|g\'O?1?۲tazIjSQ;Z[6˛Xc	6ٰ_@U/ńӊΚ2==ǤE^\\*c֟]0|1\'\'{6Dl^k꧴v8ΐb?Go4=NEiKBPNWv.olZ)B`ސtmeD}7h46(Ȫٮ<d OakSnb(gQXꬷJ[HgV\r{Uĺ͗YݡoP,pPڠǔ̨9@W{$i[\'-m\0sZEPmWQA1y\Za&wF)ynOSͦV.O\rAv(h4,hԏ3ȅa~˰8aFLrW/쵔N:MիX~~NgBLm`c,?aMSfCkAA:\Zxmµ!_<o,=w~:T+r.K?_va|r@[RYD+ FW={nt	TCn]]U=Ӧcl2Oݡ}?b4C\nQkY1vʵ|J8h@6!Y [6Ӕ\"KQr?\nAAgn:/)Kp~mal7B	I\ZUi_W*qDE6r	<S3P+[P=F]thp9C7mso!)cdC	j4U5Xk+˒#!]itQeҳa>az,e&sC ,|\Zƶ4E,r.wЃCzP#vftSZ+Q#rdSOtG07)OshK\'?>EO\r/Еe$g`)-/X%(V\Z-V_\"!1BF{T9;)І1=UZZ븡Gt.m_M)\rkŀP<x\"Q-/N$Yл\n&{oˬmdp*NelBUXSji\\`ZꪥU5trzR\rj\n/ѿxhKeٴDKtxFUڶʱ	~`	>@J4FuOU\ng\noQ\re͵>sjq4nl/3ġӗ+{IEUQn*g3tx2%AY-mubΏ\0ϭpb\\\n\n7jntYo[.ǚIiaRڧקJf,Jezq/\\cl.И\"A	:S\'TIuCYv|c(\'	*QXC_* A~>@^n@=u<D\ZUJ%$ T$O3DQ&?)N,[\\р`> ǔCMYZQ痃?]T`!<<?=n`3/Ҽм_DٸkVo~7#)E	6t7ao<`Ѓ\r=.t_[\\a#$^S.^7NydIGK6h\Z{*~ǋ[%]SڶyfChCB\nEbA9{5qmF\r*knW_\'v$c;b\Z%ǲm)Qh[6ĺ$=7t\Z-Bt?רChVu\rL>6Z;T)8;w>?w3[/isuCQ!N!5xbEX7/a8=~]uC\"[!qQndqw!Ӧ\Z-W~\Z&^g:`=ɻ\'xѳl<J@iCS؁pyHDe39SU5&?i%Y^x:Ab\\P5gU-	KD[L<E(R\Z#^21k1}bPs)EjEoNg)PPTmHB+Q]	:Mw#_*/.\0߶uf1tx_|݊]@Z+;q0%.adUn_+9{+ؾiQ=>GO6h]++})S\\U7Z+H3|>Unam0>]	fgwIBHF:QHF	_ѼW}#0[[gyv;?bnH) pE@>Y&}{i|kaHv2\"W!H\'!7݋~S@ؘ]T0>k]9f\"P\rHVZM	A#bx@[p^/1ZE_0>&;Ez\r\ZgQnB\0:WD|ӿp=`	u9dst6w)Nez\'d{w&WhPqL1.]eш9e5k7/nYﶕ6nkh5}N5-ӓ]	j\0YR\'SZƳ!m~sr@yP=V\\	>\nQ\ZTh&RMqWzi@dra;KڦM0,)~?J0 1t#(gXzz(W/KGg-Kh럡 \'ƤawSIJ.@/\09\'OIYMxE4Vu\ro8sໜ?ܧLC	\'{{Ϡx`!&8Ny} <~,i\Z4.vP=҉S-Aj<#Z_B߃\\y:QrK	#G5!Og)>cq\"E[9A\\C=dtV	 _w\'\')x\\SV\'J`A}AT<C>VkfeX٠!>[}56i\rlj`:A>E,)Nps/_z\r,ס?!v	ENzj]fHoINt4\Zftozч>N.U5A_ݹIF4ȕ&E1EVfg`*!t)l``C5ΎƫbnUE11TmL\Z$4\\-I72NُxS/Hǐ%v$A&SFέ[ԩuҶ*8mPuRa-z]D,F1s )S~?T.]x7A	[Dk/swLϾ\'ar=?AC\\ᷖKIW~yVټt$ʠ\\hXn!l޼L<ɓ%nC)*ȏ*~CMzzu\";fmw\rke(p6Vk:eV	9u>D9T5SZv(usѿUMg=챷ktH	F-к5_]il-*L5CS(b.,!){//l\"&n~YPf)f3J7)mR׭d3T p%d|N2*>ѝcw#\'<: ]!kA6}:1^ FJM~|3c-gR>${_81n	u\r_N)dT.L3q.,؇)?go}6֥;G\nt*^|B-26_B)U.rX B6t\"U!b>q~8A.OxǇι~V5a\0^ܷ4$[lܺGBM9.JN )xZ|;)oL57o}/jhbTjvm<\rG:٘f4W QJ+Lcs$ADxaz99kI*28-,8=(MlلvB&tSvH,p0YI(Zmք/ ڷ\rZ3A\r\Z\Z]&uJA5r&bS	79`\ZޠoD1BJ:AeG,%C\017\ZLq%zb:;g1HYL\nropOYY9amS[]<(N|D9KuvizY o)Qmt#MoS<:!5op#\",1\n<DlkD/|[mawae\"$M|*rd]Zih[T=_NٸZEი,};3r(R;?Wuu2S<hd\"uM;ow K @R9c;4|XJ6lN4\'O#BwfTS-P={1q敫\\k4ÂI6N3䬶v4۟m8~L ]<_p߁a]6F&S1DSKrR \n+V<=nvpOimg4ydNuZb@1vcK*CېqorS:!	+qK0H7pt(jQ!\'dS#0_o\Z=k$\nL9^!G|N9JԘP3Dm8J-QN\',p*Fl!<ޕ.%ތ@9\"(<$Kio0;tF98\Z=qkQW\'P:%Zs-Q2K:P\rKAhr-7Y${;|#F76HSAvrګdJz663F{x!e\nl\\j,(~:Z`DBw].]ږDX.TvOwQnc.Y~֪DvxƊB6.i!2~xl؛uRR-RCY#+ׯ[L%2E+qCpF̥6֙>fG<Ho!N\"ޡ88iCd#do68ܓG\nj!^OƥWh^tks\\!(_K歂wd,\08Iʧ|	mj-1h+n`m\\:DۻBoſM|862\ntpJ	6,!6HO5͎%>F il5q!_E\0ߣNK޶iU2!](x`2.\nzf[HiѥƸɠaeEVN*(i@CX9%^=>y.ߛU̟Bpe.&S!EQL4[vV SC1&+{BϡC(0!<r&k4.P\rakh.u:vAǶ뫖s1ys}^x4Ȝ	I)e)2N7Op{t縍enĢJ@\"{֐~«L8|4fu}ICF<˃oQ^GM`b/p$By&q#N\Z7O)f\ZYQEdq;޹DvQDK		N@sEOU8]l!.!\01(\'P͂kaW8B,_Z\'ߕp|׵6\r+\n(pU 	xuk^#!yA^@ΦsM_=Kh =D1/*=Bl\"ڿ	yDpuz1E;Hʱ0ZV[;Oݖ-*~J,ǥYvm.%;;%޿<r}~8,sTdEΉ{(=GT:%]$hn\"b}џGo8p+ A\nQs\ns{EE.٬F-.1kWvp\0~1)FO9y2%\r󄗿A]xB#+WuV)\\jkG2jɞ|DԨeoaj?bdHFgm-xw`ϑٻ?t1vaVVren+/yIԱ<N¯Op=:[K49bGuhnߠNΉ+?p\nzj ;|Z5IV>\'kfK^Z	t܇]HAg\'PLnRSK2NeOZ:/@t\r&C~r>&_\"eT%NcɁD.AW4+.	TiF^zdtQ{)HYhQMLm~Yܰ0YUۊ-ӥU_.;z[EqLcgxy;<;C54k!nCYPN##=f;+Ǳ߫иxrɽg7I<dO8mI?uA:m(rE*2\"-p\"{tV qYPEH}2dvzF6ҴQpH&p~𕋈jк kS8;];8yTsv.^/KՈ8,\\V^D+g>K߹A+OB?%ƫFy!\ZϺ8A\n\0w\nbb.g&K5l\nZ!Gq3?\\CBa𧸜RS\\W#\rdb)Eu\\Otq3@T,& J\\d\\KXmUBWڔ\"@!C{KEoP=~O_60UL|1U#%DBH5U>\\o?_O	M	oڃaEmlz\r5\\\r0$Մ>4\0:riqf4PҘˑZVreymh\n/&,mzl`l$bQ9*5f%Oh	/\'C8A/2_d9mSdy,R.7)\\\Zt}E5^-Xc4Ÿ66L^~=_,P^o0;HP\n%hl۹I(j{+oIO_H^7(W=13b.]Cw%\'	Q۵<$A\"Eޘ=ƹ\"uflLn(]f@}Wmtq\ZMZ33|^Iv*V0\'^ǑQ>zvӔ8cmtv\"I3L+[]8BuaS;SCK-=Zیvu,am\0}5]Cs!pW/5d ubDiA6}.<U\\bq\nGK~J	]hrn>|b:\0AUZd׎۹J~.b:0gF8\"X3̗د]\r	\r鑡lz68Xc`A\\<	ZШQx`~?Èe؆;\nN>e퓟fTڗJVMKr{I+	tX TUSoe8yYԬ\\\Z>\n/2Ms䧏m?xK;PKM,[p1Xiz?8~zI[cȤyyEzO2CvnG!е&l-E2ӔXj	BL=}c~ٺ?4VQ\0EU-H&aʐ7Ҹ+sTRLU һFh3CkcZAR(0Ȯ|4@u͒=UG=xYԀЙ}uܒ.˙ͳT%\'KaҀp0HhkYembq⣷A}|I*ӟ}DZ֩\"֯. ,^XM5&>LO8}Y\0nFM~IZ)-g_WVThV\'UeEW/wJeyj\ni41QB)6pd|C\'jz(kh]ަ,\'\'	iSfp>Ζv*MYW3cZX\'0=\nt>j\0B^CՆ]Cu^8Tۘ@Av23LFb,Pg?}ع3!LҲQS2fNP[iaC]\r08`NiMñYgEJ:W^LF,vyyܣ)h	pw?=tL\nAK\"sB~JE1>ʍEwUj/hG\'rZQZ#!e%/sG>t8~tm5F/|0\" ^j:ORdkV,Ƕ0S=\\[KȺMAoy\ZQ븞SVjN&Fl\'̊2[6z8>[7dHMϘLY[4DmX!-ѣ¦¯Jl斠;߄mW-MG0:S훿<2ѵ(ja8%+hIwãGͩ]X\ZS;uj-fsz]Q5M;{.dՒj1c	6oR+[Dc1ŏ0l8҇x2\"˴ڂNLyieBwxgm>=dw)PJ)/8؅\"-QKeoܦC+=>	fRWOP5PA\Z!F?Y\'xƅ!nSqh\\{dc;^NMtέWum\r*`1Mw8U.ۤß2`ڸgRP(Π8%]rD൯^y?XQn>T!,v1;_AlJ|sDm\n01n\"*`@=K!? ƶ-WmXbXF-E̌zx.JZk®~ch]_WN\'81bd;oqn7o˂euG.vܾMd+(IsB#X#[,~eQjokxSiퟹE[V6Q/Jh4;L?#~\rwOeE59G%г![/qt!mB)8[Ob:8\\F_<~\'D!x}E:IjpuC1+!=Y_g~!k7qP!V^Q=Bx]):[QW~\r8,Ra#2Zgd$>쓇Kf88^)=kUlZPh5m*\n	\'?bqdG{q\ndݐ8O97{yw zlԫ	$hFtA0d|xX	,[j&\0V\\XA3ɡф\"? #\Z1:-N\n=p2q|a9 :h}5.3ZjL6[QAQ*ҧdVՈ3&4ܥZT&kBnS b8rAR4;.tc0S7]/I\rUm-0p=\\O[[ڧ۳_JOw`)1\'xn$s\n}!q@\rhsF3\\A]e);ȲAv>\'h/\rְ8;\'31ӂDk.rEaDx\\#3SJCS Mte/;YQjU.%3Vpe7mA>GM[%cD&NyDB6@<.F`h(|}v!HzK\'D/Uj6_46Vk4M5yB>yW0f3VWx]No?B9\"1J7r#.UTx-][gt`T2Xפ\0btGI46`<ͥlBcogi8mb\n+NLq]HΑuFw?|btE{w6Vzlg\Z \\o93okesM<pɃȎڠ5$,T\\a:R%8a~ch؆	8-&KUwin5P!5xjrfv	kEQ׆\nړ|8#0v\\T٬9%f౶&VdSm-ʁfc͖M=ZAE9gr~0h\")h8 \0 L:S@9Ill>?ptkK, WfO]\ri\\\ZnC	8a{mBȲbXA\'S\'ŤC2zKFheWaoo!#3bI*1Nh_5̒v)%A:n	}1} Nء{Hn_$	0AS>BHvgU09A&;d!thA[VZdԎ|sw9B.5h߾l8\\Lp\'?~|Rv>M66Ydᙔ55Eй!Dl(\"(?Ԯ 7Ja؍I%)1l?kCzTR֋@6d<Vd~>Pr)ۡ]D:击(SAP.$Ƌ28̨؋\Z\"`Q>щ߅188|18N\"\'Oq.hۋL6\rA4*7,wЧZ*HsJ	uչ69MŐlLEkгcG+-Nހ#p{xW\"ܵ\ryh8#C,./\Zb	P&\"܄ccNHU+zXضCvO_~ѓP/bpR\nYvUvDUN:B(Gy!%JqnPC\"q}@\Z\0z8.Y_D,UQ\r@W^?|YbŪħc@VK͆ Nmٌ$-;\"[PQ@>!C)ҭc(i߻FFAMq)郧0S$vy_.>1T8ٌhEWwHh`5(@ކK29<)\Z\"HH˒<CEE$IJZ[/\rюX~(sY]\\DePLnt!\rpmuN8{:pK2]7>ꤦRKpA0ܿ߹JqZ%aepN|\ZqhS<}D#Cȝr	gpz!QbeP]¹xwK-Dv*E/g7::*h![6mh~)PTG,~\rTgɗ{qP\0~\nsKLu6(]-	6f)0PlFS@:\rI	mw9E-DFAj2zB~uZ*\'2A	V\rPETA}[1lb[B,4\r1\ZDfӱZi|c$Nv	2NA/V3&ZMЅ\r뇯-VKjth\\Gvl7D\Zkv[{*p3	Md{bt0ҽ)3SPjZ4uV$5TE\n!g).B~jp\0QWPILF	ʑ!l*yj@s4QD3z/~2x:W/8N)p~db̘+|\nW+CIC:<oܤ(ZDU\ZG[NXOF)2KuQ#=p6nvY~\r&z;o>JQ}pDC]B4PNh],!.({D8RSއ\"E[Dy!#FD[9|N9g~l~F.\n,{Ľq%tr|dp_!Ӈn2z?\'טҺѣ w!PgrrSF~/jSg]YÏtv{|\0ڳD2\'.caj9/RֶRhzQٝΖ)̥*o:\'uP^4n˧TAl,^8@]<\'<L*A^V}O{(d$@{1)1hTIjl˄j>O\0%uאBｋ8?kcK8LW^!0=$[$=jaz\naJʳ3˷J\rUXYA10<%h8B[ϻľ`4<X\\\Zr>~U-Dq\n]t9D)dg8&¹6o\"L.t>bA:\'mjыw@9#i]ͧ^M̫(k[4\rSmMA*_ߓL31QK޸r(?F)W_\\X?!SCs!?)ΒyW#P涽Q-dcL+uonPΦb\ZۯZ0Pp)ۖ	i_[w\r+4zx	)<c,4)y73eH8QImc\nHF,H3׹ hn̴DVvr1|LVZzϐ>LKfBԳ?c#U`6BL%zĨq?2xk[W(wʭd}LRJNq80?Q:m)1\'PN2`HQ	o.B\"q΀f#RRBfs-4xzhL-	}tQQ%+Cwn\"Usu\"{#\Z!נ\\YAk*aئ~\rAl!1jD]NɄ#mL%D-\Z!tE1~B1CQhmt=)\Zs`S\Z׶PMײۧBV{Nl!6G۠^,W^կRDg|F(/X*fŘ9B9H;/\ZcGo0%T.phUP`z[R1D60{7񚗈zw9CdYfv3]/xⓜ?1!.2ҕCt㪏f/@-DxmuH?B.jK=DAVsX\rD}b`YO3R#[To޸<;<VKb3D\r|A=MHXԂ<Һ1D}6_B~pˤul4!;9b1*eQ0}r@Ѓ#DaP\r$\\S}STa76]P/IF0-0ȠCv:C4> X_c/1?zoz8d=ew/9LKQuJU\nHfZkv\'1OPi~ߺ$߸Q׈pMd1F^f3rF5}jӸv\ro\ZN0&;FS),RwvN0?\rV +VU9A`1[Fc,NF/\ZNbcK#;RPc\n)#P#TX\nA`\'\"|.Bz{S+CD8Ôq)*T\r:_k_0ބ2F?ޫe.?	ҾAFH!KAfPusZS䒞Z@=5|N@zYX{5wA5gD4{l8xc&2\nHg$Ns<mvɞ5AE~cI0)BҺ\"=ӻ<+#1DmhIHc\\=E47hnء8MIF`F~qbt@6?wFTg1lKq|H|ׇEA=[*aN!܄;b6бprk%, Z`աC)N2|?|dܱm[.0Ch>\"ao0~IZgzNr[TPTeb\0+tT}dܠF)opVAP}|?y]5Y(D ն[6RmnR\"#ΖIK\n%Ql!Ufm^:]Z).L>.2lGdW_%=NsYvg?U%m&zG%|ǡZZ+^p.\'S$&8t$Wyn!WV.Ѽ\nq6		!\Z]JSZv۵`H36r~h	B\"N=\Zd$?z hBQC{R	MɈ|S %Wo~3>~w:s\ZуT[[\0g,y/,f4\'̏D/|ʂw}l^B\0KxM|1=tf(38֨CV?ᓟ@EmܸXU\ZQeJŲ)(L#LFlxI:6\ZRTjLܐНm\\VQag^x DV	uh/@:!&=Ḑ <)Uu\n%b\rdOc%\nn!D,PE\",liy#~koz&͍P3\'[7Z}[EiqrAjBXt1Z˹][nB%7Hv4:>wE\"\ndSp.-)Mhl^Gg#P5ZkP~ȥ/M1Ή;-c5<7Bx\r`u6)r*SgbF=C~~]}nU/`GsQAyĐ4mYsbl>z1r*^#f(!<TP5ŜbOR\r+od\nNVnh](B7h?UCs\"?	Ń70F]9?\'tBޛZ]}|jxU#͡9\Z,ɚ\r9cPl@ A$8HNKcÑ r\"(nꚧ7{|X{(E8Aëzk/[gݪIJ1ٙL8*N$v6H6UEH}sIA]bcsx4(#(FJuS|KcU8P.#7q&KFjlP]e@S[Oc><7`d޸BgܔzHL1W7W})o*@cqh/>7[*/Wftv{j+y}hzOi=/ԨMG#,pBr`u,tKavP}I#t.~٭/ϩ)$Io`*\"5?[`>{c:3ض##V;FB#bPpfm8\Z\rȅ\'I	Py<mꓯQN>xgqzFHzG\"0>& A(BE*%IiJx\'~?=F*o|fz	yRk^|~j*iYL\n綸&uA6v1%KIжɮbA=5t[B=j.|+_\'!aLgHSq}:y̏q9ڕMȏb}&dlgi:	j*!ٶ/<4v	-BƎޟ>mX1S$ҲۄPQW#|=ǻ6FJڛŦ}H۪vzmZ6/ӗ9u{q\\xjJު	UAߥBZZS4WFDRֵL}B KH6Z\0\'zװwǷ_û9=Ą26(WU$I:qY	;		`&3+,ARPa\0N8:$\\aǠ{%4EҌ@ _Ng7&GVY6qaĢw-#l=AJv\'H0\'i=Mu1۴v.\ZݾƔ,Hmd|BfZ9l=];4dC>(TݾNNHFuٗe6lƠp)acI%ZgSp=\'wKVLb5AYтbIFPc$` 6!KdMz`sBTPj<0<38Q~.\nv!i#Քӯ\\ޣ6\ZA\nyl\"I{\Z\"I>T/}&&C_#,Fg:~T3PcfY*oڐc=?M|| y`c.~.qɺkP8_\"nMzOa{O!K\Zn\r{\'0fҾw8~1׸OAh#6{\016!(T0<$rzF5S\"\nB9L&7q9B3݋΋Lt\ZK}nB=?L6\\z$Q,JY@8Bvf\0?dMvI ~<\".}O3n}[C89[9GWY\\_\n2ঌɹvHpluL5yyHQ\\iB	Hw篒_b|H}$-\r[ BM#tE 	BBG$5N`zA$:AEmI*_$<Bc,RattbşѢ$\">o #@A#Xe1IɻtN#iNM?=	I\'(CH;z.]}vHLN!~?;%TnNpL1g^A?2*v5Z#\';:laꓶr\Z`tm<KksRCi>B!]LL Zմ37BHqJ( HpZWs:%l=A/bS$TCц\"TSXSzUC$u|0)RWnNbr\0)\'c\n(OTՠg?O!=lkH,Sws.?,\nr[n\\\"xyuHIj+׾AGuI{{e,1L\'Jm߮{ޓ/!2G{\';dߢxk&R\n2)Gk\r֜~F$%Iqx\"I$iK8bmFbRIy;n$n0pbMMv!F\rY޹!l[6%In^ ?HB>iQ^Õ1\0?+ZQ\"V$ƶؼI;ƶۋ6\'Ky\'6=xɷuXu=9Q&{ߤy_u-T;ScrJ(tEHb< idx=	Xk1IB!n#a\nwv\r_\\i%ZJ= 9Tڀ<c5GgprDBT^+|{Bv`ޗcvz7}@}r0vލK^	\nARCB\"8(ٽ7)N,O&jlZ|qL6G~>=x_-a%%x KdzJk9יpd#G:6AYUJWun|$ױrL0N>ӑfTn¤{c[}xxSH+!dCZ9LYLg$_oP!\ZI\r]k$CcbKiDR`~?b)Xct\Z#{c/DHiMl1JD_`͒[G!éj9yv+#|=fqD+i(ft|RSr\\}MN1Q.$+pmm19M_RL6ؔoCEzMUR)~KHpr\"O1>AG2_BoPރ\"!q\'&ؤ93ު@+x`l#]Lvb\nu\nLlpotA:\nʹcWMpH*y/0[PnlHп|o2-Ӛ4ӽM;X5_JZt7S	^XMpeKM\"ewFz\rBd,fo!?@iiuH;yWa:%)uyN݄zzclk\rȳXLa YiS\\z~	`i\'x\ZΈՇ@q{3n~Z_#ۍv9l)g#M4]\rd8@yH};9BPt2ԅ\'/cO\"M2ݧש)bZ+EG3ŧm`E yx꛼v6iY@\01;8TߍӃĤ\'`}BষXmKzH~_;2_2Sݵm\Z9Mc:}\noh\\U?,j\ZĐ9~sD>Ņ!:W>sWV\n,|lc3_~!aܼt\0w=En?5Es?fzZlg݂(38Z&,hKQmu\\i춁r[?3z>\'0S[&VJSx91urg{ !NiVgPqcf\"aZU͆q\\TXr#Jw\06Fhc&nmYGՠɢcȖ垶`A/AKߣ+5&C}vD	!$kj<C^9uBp5&ی>ٛl|o:t0l<A*`Ϯi&dP!lBKH5&w_4D>cLkwBՌOjvlmjwm/qn E|T*#@S\Z~rb4z\0iKv\'s 判d)ؼ)|~lC{i\"\'ɈAGu	@-1=?C79c?K\Z_M_K0NBG^8i\r7i-l[i73]ߧ8*U_R0CI@1A)I.là[zQ$fMY-d3BRSOjtCw1\'i\r24%\nޅZ!BwI眾*}ne^}nڍ!*%VMGՏMh2k)aZ]VbƑMA$!?gA~;}\rĴ<Rk5:}xm7W8+Ψ(&o1=}b<gvo4ӛw1)n~3Z(ƴ/pEuotk:[JsH{<F__9YHӚ$XLkbxע/pø)mn!m;n8؍+Hkɻmzi\'!v{d6!Yg\n~ٿy3tl3=_1}`t78}\r.̏{$kEz=\"ޒ(<	IwSna;y$لb/Hr|T#+d[Yqё@n	\\65g3kg<JE	qH-pśt<\nl0;[zT5\0*|=6GZqI%Q%TRk\"QhiрC~\'6P\"1]\']bw-]>y!Wk\rx$a#pI6;Zm!2PcB#\ZwzwS>2>?Z@D;v?ra뽤/I$;&`o~BfɟQ7:!{wm?˿B1❣(&PwFLb\n3zGGmB[}nc}6Ac!NfKb=p8vy???a|p==U@틨ٗ7ps5`.H,	<>J\0-p6;֕Pއ	M`	HΟܹ5e&F<0s14kbk`$4	6	37_!m_#۾HgYFH>T9v	sxLGx-<ͣY\\#8VU!iG5_٭ Q=w6_#vĬ}x=\';dZil#Zf}>A-ی_cr,_\ZEyv5ToRzU(G_\Z7((s\"U87Q,Oض\" \r3ҁ\r)N_fI\"v^n|zr	\n\Z\\lOI^hm9|G<1\"׮_p?A!7ɢ|{Y26M1d!9UgaIg]l|Ř2ׅ[qlm\"7\'}B	=G9]B+|:\",\nMimSZ`|w0>l\\@zH.m>Kgpl̍0}M6}bW)|7Q%c;aۛ޾˵][X@p@%L5ٶ&Q/kk4W)\"EPN=m4%dVy~*\'Te͜1/?vd\ZJ?7DY{Hz_bq9iUIH$F)ŐZ=U /~_fzQ>$gq]Iy,H`v INҪ.\' ?^\'_9)p\"r6~1;\Z{]aC$IgEty-蜻HcSmb?Km\"=m	X76T)Ăͻ<r/.q_wӼm<*HEnhL=!l`!$)adtgI x_\\mg5DEB#O飝Ly9M.Ra硻Op#s!t{|3$C\nPƯhh&)=LN<ݭ҄$&Ҟs7xsW{*mç{;d=l{$Lt6	IO_8E\nwobS\\;lmu/D#vp:6,<Ffid#MuTKǎ?|;j>bP0,%%|ΕHֽ+GԣG,1II\nCG!9IMHZd}.i\nOc}B]tdc5uY+\"`;y\nv]bSlfWiR|\'H_\Zp6;\nf{m\rlԇ1ݡvlct&o|}VܛBbI6mo`6i4se$96 {WvիbE`cW!k\"PW8Y!\"nO0C\"OoR3|ݜP঵#|=yvEăQI=tz~a(\\kX?sݹ기r0$#2/oec\\9,K3f7\n1;y	}I{Q>woAqǰ}\\F5RLNXkA=@yW`:R݉)ӒVj9~BioO~~;t	x-cJ%P{?(g1tFUzMimN6nD7G=L:I6PM$-]M&-$mcڗTPP,; i\rWcaI|Ct>LRWT!	tϓ)3w韻D2C8qv5r\'.zhj&뒶TE`R8*D\'kڻe`W.l^&Syi\r56kw5HZ9n1OnPOgwqW;|n#\'C\'>B?\0cɷ5zK޻M5[I\"ܻ*LRU2jwÌp5C\rL%nq	:LVbRMK]9vx~tYH3KRާu5\0y$\0EHt_l U\"W.6z*8X݈sAHFxS|c5q\0w\\*,MYVkF?d}CE!P/(_ar9{ST\'_\"EDaF,Cl[u鍍;R<\0\Z	A)ia#it^Z@9&X?ץ.(o/*M_<+;_UZۗ\0I:6]xQ9ҢCL\n7?Lʻ]Y6 ق7X<xjq3՚JBjaz_cer*o|@UG_im]ar\r\0{Ͽ&Zj.qŔPMpTk#Ye,Klؤ:ISTt=m/ U4`{1׿+_f>D,MxpGᦎfm}Ӌl\\|?iǦvJ$,H#B=E%jiuyzzεj4٢PDN\"?S>?Bl\n`H[cVX.<.,ϲpߴ\'#-.	uE>sV-OLE{tӽZ>[SGZ$qk7ɄʧlSMͱy\'*Z6Ӕ|P+V̡\ZalQ26ҹ	|@Q4$y4ЈmlA.ONWq#߸n#I9\njGP+VatQ3gfC*W\nrY[@MT?\"=s̐zL@Ҝ|ࣴ6z}QUU@P a{9xctw+)iF;ئsӨ#d	\"3$ZCֿD:H=;{Y,4_W0LF[A{B3ź#> _WW|q;?¬=rƍ17#N{=V$&:]f`D{FcC37;b|30v7I!I $EĴHY\'65YKAlSxY|pzYn\'P-f6\"ˁ ҩ)|jqH޹H6x<ô{C6zZѐ.\"P]K^Eab&wpHq9IczNo#&`[Tӷ/#g6y9z{zJ8{Ͱ/0y 	`M{c>͎ﾟK\"bۄimi];{qW	tqU2xofR<$!,F\\/~W\'%.\\MHMz\'vFgZçH;$mҍIz}/1YI}Xӗ}ZkurGqiAH5%E\"-(cr/Z$IH㹕,Y)> .󄤍{:|ƍ\0|ǭ041=\"rMeDFcHlE\Z\0M<rszS/*:Cػ\"{O!`D#\ZT I[[$C3SOvƞ>CF1a~O\'.ىq;Gmi}@yJ\rN~[#8O$;/]&?L	[ʖk[1sit9mr	n|o\">#=$>HlB]p/0V4퐴dyN$tL>TÓM4Nu`R\'`5\nw`טrޅwӻnMW@&ēcN][/sWy\'o-#Ek$Iڡ5<Gogm$茆Њ[Ղ\0(0ۺ)*dA )b&h\ZJ#	c\'`Eu^\0VLy̞;t% .E6alxAwzsBIU}5:\"ָ[ȃW\rSru:1ϔl5&2+P\'8M{V/qDPOaqJpS$LEb7D\r{IU68BU&Lc>ignhf;QDهRQ#ؾDu	a~2N~&`mhMt1Ua.&o>r<\ZZ3;B%*6MkJz\n-ꓷ(g%)Wyn6^=ᯒ^QYۉN1]\n#uopʙb1^PiocI̶ o,j(	ur#-dt=kuэw=E#(N	Ed\'Bb0%]$	\\MH6Yr*+Ɠ1UXS0tpp7c7h/3%Z-BOhtIL@Y5k\0+&-By1n}Gȁ[#JoJ\'76fgU)cC7?SyjD̮~EB(ש\'yMwۿeFQ2CT0Y9QCd9DG,R0cqtgQl0@~_\'ޛ|M0,]f0Jr͂Ī(3N2S:6W\"q~ĨG\Zmʰz^Klk{|@8b-3VN,PՈ0JܤZZ~a	T\nx=\"wxY\n~36joI->dl,\'K͒|\'xqJꪤ+jui2pqk~R{GC`>1h]\"/`\"o%FjYVVC\\AqPTev-N18X\rnWD:_,quM`i4d4:^iCO3=}_&S7Abt(JEtf^,2	{g6%LsC,a͊QeTP𰩿Hh\Z m,W2<7>Oy*}f6_9ߤ3\ZwNa}p;8:%ҨDBy&Cl>:>ӊg4	Ǡ2\'Pܙf ДHxCd@HZ1^GjWWUIUTU+|HK\\oX?@WMq\'|{q`Ua2S}4ut3̮o`i\Z9nLG#Uޒ>NF*RJnYrbMQh;RbZk(* Κ&@>HXd\"zI̭X55l|OQ;ˑ:nU,\Z1#F6^,Πǌ\n\ZKbdQ:l0yMe7Y\\[)3\"\0֬YF:NWW,5<\rɘD1Iv hB,q\"IWbLCKLAZ	WUEUuE]UFjmQ>MN{ƴ6LO(n]csop$KpM\ZD+2\'VA=*Ce1B[#\02eо/7?LFR#atAWV}&m\"\'gIV\"E#jv&_cKǁDBb-;<0$\"O?!5O\\lY+#r$:Ƙb\"7\n.U1\0bu^7YߴYׄm۔	M3]sɪl\0I,r0c( x%KP~IBqlm@d-o@Ȼ\r>WE䝋lG)E~nt	Ho&Ka	1mBC 4:\rWptiyc1CUT늺꒺puK9ylNxص~\'9{Xb{J\\>zFk]mU8a!5D1+p<J(\"V\0{^\Z3:&7@+濾B)Wt2F\\/i@2Վ1n4\rHB4UA_O04:x]GA\Z1ɨG*5g&\\:~.vV߯aˈ\"($ݘs65~ޛXr#:.GW(ImPGMCAAb۠^K`ȊIAJ}DN/OUA2U:NH:HTRM^f$h{s]W_WԮ{A@VgIZ}~\ry/1;1c3z;h6c5!J:QB\r)4͇hi4`m6]ބe[i,z`	8嵬[KBy_#@?v1I?EDR\r\ZrQz]j&\ZWT!4BM\Z>|51d+౩<H^k2\Z6Yz	ha8,b&nIW+M*oPlA1x_72LQɗ:R:9D\0W =/tQ.1!RPLz7cjܭsgI=p3$H`[D\rvy鹫pUE]U8a]5MDTX$Ixo+6[<֦YKu|	i/~X3BaQަƏYH\r봠 ^L0nS6cP{Z/{ٶ\"Hr*.W8~jj`1|]C>*f%ՊR4kNdWX#U9MX+eX-{bu \'4?;\n3Hىh1+z_:*DEaFE׉)jvd	l2tP>z,TI?ş܄`Hki 9 ֒c᥏]&S1gzѸ뚺VV	uIkMC4?/@\r?_}v:d[FBympchw6-:ͼxҀy!6i~lHIL|\"G\\59{Y\ZY!jtqD1<(.K6ҐA0+DM5]~xM-}ܓUfn,l~\'ReA[~4|mQ	1MXĖQZk1d#UEe\r@`#(td^(M%$B{*n1_Jc\\zxz\Z%b9FeaPEjکq75wpu\Zᖀ8O𵖝\"ʊr3qxb	\0_wpp8ck?xW{;1#cg\nL|qtzN\\YEzt@!Da\n5n.DHDW,>DG|DP ՙ|n\n~[=|T\'@NN<!H+lr$D,q\nXkc]˾rC1T[Dfi(R꼰ddM$}:PƟf54|-1\n[l}SkYe\\FZqB_jZVcVPǯE[\\\0&%@\".k\\>xs!9#VQU5jF|,a]$Fq=AdX.yppKeH}GoN(LN8>~b6.{ojdk]xXKC\r4+bUEpO\ZϬ}/t_{m*[І\"n`Q})N{HI:1\Zhil̐Z+2vMppx(Wi\Z[\Z9iI Z)ܢja,!oohKJ-ꅊPidHb/65bj~`ր]YAְJ#.`a$T5*1.CQ/3ʊh$K/ylbiרD@Gv1qօ}*iF1+\"dEKjD2zm|WU\n<8c{j;%3pzzs\nl%Yv/eJ\Z2BXa=Q?։KozWj,\r~9`b7->|Կ7kt5W\r_(^`ܘP%,n[ԣoPWI\r¢´J$Gl\'_3uLȧCLθfaܪk}BdtE%&jT9*Bq7~1&ТuHRllKccWdk5E\"HKq	!Dr3^e[ͷ7y\Zxh\ZFj̓sJ\nêL#K<Y}j\ZbjRFLNp?~}z6Q̧Fe2>EMNg+l\\$I|h&oZv+¯~Y>b1\ZaE<ER@u1̲\'[~Mo=Y@oٗPO11쫔]×ob#jN .]$D\ZV$II5*!vʀФ~E 1-Bsw|wnDpc|y?J]*0&%8ևxiEYmZCE>L#\'Ms;RqD0-\r֓Fc(Z \ZxsJ;*k*r1LDAM׽t:\ZE\ZN^\'t.h		\\{N=l7\\1>4j	.=`rc&~Y?~e``\"(=MQ,^DӸld<)/Js%.KkTaqo[6ǤQ*=jȦm%&Hc۪\\K\n1l8s`sԾF|ILsCfj3L$1vȺ;Hv܇lVm>yD;=h4%!^M^ͪI$<cͼ\n(upU:#w\ZlË*hyNB\\_j85چ\Z[9jζgZ:|12rnI`2w\\Q08>eMRvvszKZwmia	=4*pMo#zb	N4Ƭj-\0ڿk2ҭUбnE]n u9\0P> 4\"m׏Uۊ!\\J+1I+f9J\\HqF3|uF(:T.b#>F0V0]wIw$UI3`/\n`r(@$[\0ںk-]AWU{1\rnCtGR4NSXw\Z1\\Wh;do?]\"ڬj16CURSSszE4g_xnKk	!eni챦ToȊ4~V֜[M%jHPQp%F\Zq5^HtyMӢGZ#-nuJK%l$ӡPjrC\ZP,HǎA r7ECpė\'P<,N5UNQ/9**FX6VS,KPYmx+y{ ^wN)ֈ2٢꒾SfHkb&9t`d6e_7Bbnfk5ؔt$6}?\'rcw/ɸǾ\'%xW뒲1rtx,UY/>g􆀊[.}7V5|:(Js}Ѐ}K%0%5j8ۭ\ZE?fU5Fef_cHC<]5}b܋f|+kfcU|=%kZɶ]%_2rB,%f_9jsqd>D\0̚rFho X,\ZNnMh\0P+\'oD}]+\'~[C|jD7zyk|Uu9g29\'GLcqS\\8xn,	޾9kb=ZvV4\nZ*%7\ZyQT%o9\0t\ZYnA\Z|h:൹o;yd͌CdIYs?;ہX^BBCzk1AT!~ٙ+i\"pb윏ZIn	r\"\r˪dFly_bBlͲSgme=-5\0pJS6Dw)W	g#1\082^\r3OTQgA]ΙN89>>cns3\\yn 6F5#_r\"<BYC\ZVZ?̓`OffQ1iRcae!7Ct@3<lLm1/WJyM1*CMVӁd+.\"pܺ++Ǳ9[=/_3,?:1јC\r nn{\0Vx,Yç/A&:X5$n˪^)Ӎ*FxvK)˨5WKuqԱW_4/iN}+W:#uqnA |:+Ns.sһ&)nmnW{YKh\0\rXcyb兇W$M[Xj1\Z_e9)X.Pa|DV#*@KiJlA6	!YCSUeWJlVxLd:J\0xȠ\\(}^Bb4ڋn=0ɚV\n2{)اpMÖ!fsxuyxki{}SZ֎vƤ=ڃs/=\\}/no3hQ r8	Tg\')vv/qg? ۸`-kF\Z(JA#uUMAIM\nюQa9倘UfbK20!U\ZOЎmY䡘^FnoZ7S	Фa9iB40	+22	\nXg&Xq̶)V~	Fʇod\0;x%]{\\Dal1KG﫬,#ԯ+ZWūK*>჊z_+VSvWV֐%[~\Z{?MJ#cyZ25)|:[3NO9zpCꪤp8zF8Qu`CXs^X5P^\rh:r2 p0cVbav)HXOҀ%5-ZRRK1T6/׹4}X!\"%c\n\ro)XX,\nro4dEg0NsJpCXZaCRvG)1d=.Ý\'06^waﻱ75?ӀvlxC4կjt2a<:ctvlzFb6w=w`c4mݥ1Cȼb5O#F\ZYѮM#{t|,֜CΆFF\ZtymG<:.@qNq\Z+D#S8,vT\0t,/Q	d	RJt8kytH~=\Z#(D!i\'*1ym-L&o5J\Zsss}?[/ߍ\r|\0<ww>󽼈yীy.\\\\o5vS؛\0>3zzOE{;o\r/\\\\\\u5E{_Tco_UTO^l27	x1z_yss}>^_?(3~5~C5c;;O/r~}:1.߹޹?Zs[oYjhLX;_Kkk(}KͿc\0)_l\0\0\0\0IENDB`',1,'2014-01-21 14:14:43','2014-01-28 01:10:38',0),(3,'Pizza','PNG\r\n\Z\n\0\0\0\rIHDR\0\0\0\0\0\0\0\0\0r\0\0\0	pHYs\0\0\0\0\0\0\0\nOiCCPPhotoshop ICC profile\0\0xڝSgTS=BKKoR RB&*!	J!QEEȠQ,\n!{kּ>H3Q5B.@\n$p\0d!s#\0~<<+\"\0x\0M0B\\t8K\0@zB\0@F&S\0\0`cb\0P-\0`\'\0{\0[!\0 eD\0h;\0VE\0X0\0fK9\0-\00IWfH\0\0\0\00Q)\0{\0`##x\0\0FW<+*\0\0x<$9E[-qWW.(I+6aa@.y24\0\0x6_-\"bbϫp@\0\0t~,/\Z;m%h^uf@\0Wp~<<EJB[aW}g_Wl~<$2]GLϒ	bG\"IbX*QqD2\"B)%d,>5\0j>{-]cK\'Xt\0\0o(hw?G%\0fIq\0\0^D$.Tʳ?\0\0D*A,`6B$BB\ndr`)B(Ͱ*`/@4Qhp.U=pa(	Aa!ڈbX#!H$ ɈQ\"K5H1RT UH=r9\\F;\02G1Q=C7\ZFdt1r\Z=6Ыhڏ>C03l0.B8,	c˱\"\ZVcϱwE	6wB aAHXLXNH $4	7	Q\'\"K&b21XH,#/{C7$C2\'ITFnR#,4H\Z#dk9, +ȅ3![\nb@qS(RjJ4e2AURݨT5ZBRQ4u9̓IK\ZhhitݕNWGw\rǈg(gwLӋT071oUX**|\nJ&*/TުUUT^S}FU3S	ԖUPSSg;goT?~YYLOCQ_ cx,!k\ru5&|v*=9C3J3WRf?qtN	(~))4L1e\\kXHQG6EYAJ\'\\\'GgSSݧ\nM=:.kDwn^Loy}/TmGX$<5qo</QC]@Caaᄑ<FFi\\$mmƣ&&!&KMMRM);L;L֙͢5=12כ߷`ZxZ,eIZYnZ9YXUZ]F%ֻNNgðɶۮm}agbgŮ}}=\rZ~sr:V:ޚΜ?}/gX3)iSGggs󈋉K.>.ȽJtq]zۯ6iܟ4)Y3sCQ?0k߬~OCOg#/c/Wװwa>>r><72Y_7ȷOo_C#dz\0%gA[z|!?:eAAA!h쐭!ΑiP~aa~\'W?pX\Z15wCsDDDޛg1O9-J5*>.j<74?.fYXXIlK9.*6nl{/]py.,:@LN8A*%w%\nyg\"/6шC\\*NH*Mz쑼5y$3,幄\'L\rLݛ:v m2=:1qB!Mggfvˬen/kY-\nBTZ(*geWf͉9+̳ې7ᒶKW-X潬j9<qy\n+V<*mOW~&zMk^ʂkU\n}]OX/Yߵa>(xoʿܔĹdff-[n\rڴ\rVE/(ۻC<e;?TTTT6ݵan{4[>ɾUUMfeI?m]Nmq#׹=TR+Gw-\r6\rU#pDy	\r:v{vg/jBFS[b[O>zG4<YyJTiӓgό}~.`ۢ{cjotE;;\\tWW:_mt<Oǻ\\kz{f7y՞9=ݽzo~r\'˻w\'O_@AC݇?[jwGCˆ\r8>99?rCd&ˮ/~јѡ򗓿m|x31^VwwO| (hSЧc3-\0\0\0 cHRM\0\0z%\0\0\0\0\0\0\0\0u0\0\0`\0\0:\0\0o_F\0pIDATxyivx=w̛ysά!kJRUD@;4݄phcqC64JRiQ5fUÝ3O{7C0؀\\sνgs~wg=Yb{{w[[[sNbgg}Շmލw_Ȁ[|o{__gggg=no5>/-ׁ_?ލ?V/=32%仯n|\ZK/n?]vvv>@7ލf|!>>|s`ٹw̻ns5_0vvv26w_wS󗁵-;ԻٻnC=ߍw;퇸y`;;;^]x7~7q7ѿ(;A?~3o0۽-+0mBiiރH%c\r\Zc,OUt+d3A!\"Fޏ+@1yP\ZzHC5m|v;|XxϢH!;\n[jhTSh,spdGhqbeƵ	?-T9	$ςb\Z\nK,n\rȷAAvA\"{ ;Ma͡<*8>\"t!ŝW\"1Pe&hj`,3hkxJA;p\"8AԂ|	9^X#f|!\Zѵ	tMώp!믑<v\0Chnĵk)ܺ]Pv/AvH-&LGS=sjMc`3HÀ/?l|qe\0?/\r;;;?@B4%MS(_}ݖso׿@6萵318NhXZT44l(f)kGhCPcv	0jwx	ywW`EW:=_C|8xd\nr ql-0͏ȷ%{߃@^bӢw	wgp޵+o`,lL<1XKuzx_Gn>Eeap\r^E;.xEV f/3ڞ0=ހ<Cx*.L?J7Z!E1,ju\ZXԹ!_@й`iS98Ɲ.K]i]ivo;&D.Vo| ^uؽk6bu~v;	x{P3)g]ӌ.Ldoq!\n͓g$pFq54<\'\0o0=ݧ[\\~	dlk6?v\0W Cz+++$IO\0Y+^T%ݕ8aT{4E1u\ZLPȋlcs\']y_O*E!!oOnbsFT5j22XsEN	q>x\r;99ui\rISɢ̧0A$,H(`u<mQ4Y3\'={\0PڌFI=G\'y|G\\!mKd!*gP1`9f,֯qշyz[p&\nu.Ey٬bL{{0D:X9W8Hg\0d\')8CvT hhv	FqMhmTb\rDƧ+|_;_2D\nr!8z@bHnPdǼaFdmO\'\\{绿_1c6\'S;ag}ΐd;)xyLwfS_mZni<^5fگqru|t謬⣀{phDRaL6XQy3/XW-6p\ZQcDԁmO`w07^\nf&i8cCRz00,H|/>_Ogc1~rzL9ؓ<Ef0K|zڜ0|[;F}ă,$9s\'	#\'y틿KKO=$a/Gx[b1fr|*;!0:X09ES(&35i9m( Pk_>A9kt?g8;	UH;	F	\'pD֓v[q*\Z5C0kr<x:aȚV{H+nj66Pg!&eřkoΎCh9O(soWQFeM135t`\Zb\ZkM]+gx#-L>\"\ZImsk|	g/v)Wq&Nހo7uvN!뜼ق=JP;hlV\Z%%iJ!Cwq\\MSWum\Z8cr<8W \nzȦ=7E\\1J/u!9s,	Mx̡8	g`:,: Wbr͛EAcS=N^F\0g3x;\'dc\rs >XGij	#\Zxe	Sf@сN7I\0kKTЧӕ\n-gZ?]d\rAhg	󩥪CE(Q,vg鲈o\0_JA@:k\\$L7H&AG\"FIP{8~n,)ЖpYэ%rjpV`KO@b@etnypHϣb2c2Ϙ9Y^r:mD-\"|{][Ƕw2s,3ownJ̯$u|os|B<!\0VX(֢BHsx0ZCUeɢʨG+=3ؿGrȎSb[پy}?!YWufج^\\<٥ک)EBc,N`0@`/J41t/k~ֺѭW0&#hjٌ)ڛV{<S\\{C,&h$`4__^߄݀9K8BL$mE(,PBd\Z;c\0$4S6[ǉ/5wCͯ \ZCҏbK>Գp H7BiJ̒L\rQi]xg9 !=:{F 9\"iA!2Ճ9WKϚs%2ˏo|Mhw\"tˑn$=.m!и j,&:=шl:(K\Z+hD@ 5 Eh0~_UOln;qQ>	P˿8!V	9(!<;\0ks`pK;P\r&<f.a:B\" i#Co}&[P}ds($-t?̿oAa@Rz\n.[z;Dk<4yF3opVbvbtfWO}hB|\'Lv*OxUQx˫DaJ*a/&8ݢ2rxsC(\">jQAB@$@, ]HҮ\"ID,n<A%BmD҃;~c:DDWa\"h8P@Zz)Zĩ`RgO1@5\\ 	Bk\r⯑}_<v|~,\rA;p5ݳJ)\ZFlyl)	QFĂx895vJ\ZB{.OxOq%;7^&\rp[ԋu4N j6\'rПoh𞭭f.0d8ߌzqR79~3a\n:A)+<B8ki\nǹ;er\nYy/*3ʕ!hUD~	|9s8\'>p}Mp?_܂759Oߋ>~HW@\n8S˟U8	:#Aj4JLbB5ڦ.k095ŝ<>$;,%,c\\~5੏lv7(c#րs0fX`|6NK8oǯ9< @T\r)ټ>5iD2$/ 4Uf#`u>wLcMhFqǆrp8%DM4tߏ	7#,76߿?ȗ?7݅Mx=!~Eǚ\n54\"-H-\Z0\"N+B#kTM=^n+F1YY0$vgl=\0)&l^xjkl\"P,+ja˼78+Zgv w!N,qq`0@)L٧o_E#$d*tR\"N\"FI\'Jix޻ej-Z8ko*):ՈaC3==@DUMam(<NbNP}0zq~IDSmkx&?q275{%;<\0!ns\r\'\n5:I12@\')3zݐk7	CE;,OCC)ynQA04\rrID@W\ZB\nP\"Q[#VB \"鵉=+\"J%|W:A]d~>\"b_U>)*I-J 2[VL1 &v:K>J\'	ȴ~{m-k\"g>6!7tZ-$\'`wፗsikBKrC!\"QL5EnkO8:ݧ{2_{cy?X\"$dPFzhٸ`Q8m0`㑘93nkkC;ͤipV-~o*Ƿo\ZGҏ	H^b!Z\\H[| C\"Ζum\Zc:^;*DDm2;B	%9AtktG]W`!+c?< %^M8/p!<x798,*>=H\n\\8k\'2ÌFDtR\Z1_ܻs@h.<qv6w3J,.,wnrO\"2 PDOG2J8fg}IIROY[w1~zUd:@$=[יM/r @ nPw5ZDhE%Gyi3Y8w\r\n/~M~\0{V+qW`qHZ.rQ\r/vKִx0s\nr\rfIH$k&*f<]J\nCV@k}ܟ2NZDfp%>m͓S[[[]#_ea03\\YA: x;BR\Z- qaM؆^*Kl1MCdlPGs%DBO \rK{[T]k*sWM`t13?$\r	u0q61{ƙ\Z	h?Nu7PIhp	l`]\02@hfǝ/C?}&\n+8O9>*X;w(lurzR횙]\n[ښ$hي\0\r3;0PPklհqC><RL0I|C{rڛ!!\0c)ܧxk0١s(_[|Bղ\r7Q2&H}	t545[C>},G\\zf\'hT\0n4@	T\rZ8d#^`[qt	V\Z\n;\'AK@\"0\Z;ig\"d7\rvqh#G\nD5(ma0\0oM\0[[[?k*uwe[_6`}H	*\nqRP;[RxF9\Zd|t0@b5H!.J5H;B9<@~	`X{m.D\Z|w\ZKky8nL3\rޕP#%f;{/1uw;SGh\'\"Y+dgCΑ&^s#X7-ԓCv3gxVL\nkTv%6q-oΨ\r=lw\'^\"Dx_Q:D;UV!fWF$3gZz3Q2	[Ȥ\"P\Zyo}xX\n	Mp0\\\"i|1XV{`u!7ݧN FX+&-O5_D7{>)X;Uoɝa:+So\\~C4٘ۯgT;*_P7<aX^-Yowt\\v\0C[[[~\'`W,]뾺8ݗsp5tm+CV\n!\0$9_mi%<M`	+kyI6͉o?}d3AJRRpCA~qc\Z׽1\02Ͷ%45Rdf{:\'__:^ީN$F8s(kP-t7xM2;WX\'cNwGܽ^.?l=Qtܒ\'\rR8\\5ηgŜs?Ko1ňb|patJ0cvLvlй$IH34̒D[9w4vn	\\!\ZɄ4DBIECɋ2q־烴x]CvzȤ?^I	Ŕ3KGUU\ZQhⶥrd\ZAO|\ZYUF謡ڙjA{4 jlJX`\n0<6CvBfN+\ng~5*?7b,.;#v+1Td\rܳCrCO!;ڲ!b}}{ϱ/cp`-[	RˁAF!V\"*_2}_<\ZT@*I^U4MM,SAi^DK\ZmB[5TdQ#uݫd\rYf^G\\Gd~1=p4/jp\r_Π!	*H79k|񶥘˧;w,f#x8l$\0ᩧ6[$Aʊ$ɱVp{eu6z/<˟>%G`>MvD54)UG\r3ہɄ\"33 CkS#$q?9I+hBD9O7:JCe7:FN\'bl~#-O^^ޠsen{|7hm\rEȰE=SJPVFyvA~Ɛb|}j\rWnqګKNB&t!\\\rPIoɜf\'$FKA#JdVrFϒcJ[TsAfH؀8Y8u.y4·s䷣3و},gNi$D(Vfyz*:*2R.3\Zq$E|>ǯP_1b`>71k\'QM|p??($^gYePϡ!]tG1W_dӯq1yH%^Fh9\'	ݞ ;|Vpb͟sFh\\315\rmflNAВr@ yS!g_~u8@4ل[K99 $\"t)#+Cj/4\'5IQ 4i{	lB	2ЭSOa9.׀7\"G	Oq,墇)kH`ed{z(I](%\rB=Jʣ\"ϧPmٹ~g\Z\rz7!v[(+Fgd.;IQB%A\"w[.m Ɩ1Rm%̱;8Gq-\']`yxqY}Og4E:PҫDw\n7G*~ˈ7_iDge@P#!%	:H0nˎ,b)+d;4\rќZX]r6%{(s= X\'H(Dp=)YUPËqi	 kx#92{g8mKXAf<hf5hSƴ/ӝAi譶!_UWqГ9dE2;E4q*hG/r?q 4d/\'A>_H+gV	U|W\"A\'GZGrOF	o\rƔT$ZKZ آ\"سK%&Db]Z~^3\0\0kEDڙz)J۔ӌ{Vxh)RJ<1ӻ3sNOKR1HֆΉWZI)+tC\\[f7_\'?4LeeL#uhjA9^M\0N.#3b\'>-0VbCQA{DIANc[[[?\\[FK,^ENov	:-d!$Y;%BH5ت@JIcy0✣,/5\"dO/-\0c|!RNQi)v{tQn#\"\rVᄆ&8rZԙqXzF_&g9̎$\ZUpr}I1~b\Z@kŨ\'#ZN_\"c놝3qڥsJ1:_5Ed^fZT=Ǐ?MyzQ.wG4	\n݉M\rSXIZRԂWWE8%߫,Gb6\"\03 Xlqr=Wz4S:(vJ+K@$ʪ2l}5y#}uC{\'oi\nq,HNOD:! %Z\n:[YLdc\n|P/jtWBhə/@z`y\0a?!3ВOfTUu\Z^%iq(iVǭN[[[知\nhz&?3/xO:A@t 6@Ũ08C4aHy4#\"\"Nyoq`w->%LmQm:tj1j2/n-L6[pM9ϨN\npx-pNP?8%qS\rjW2uN_=a1FqA\nMN46(\")#\r\\ !rR㊜36WZ<\n\nz9{f3S5dtf2-5AEKv^a+<Y\02L8ĳdHɚ$Zq=t@o8̦JtF\n2JPIk1k8 ;_7^@54Aak@SIDUⳊ#g`]lXQ9*@^\nk%@B9MG]&l dXsMEj]@7$tpړ$`#hyt~q؅	 6ABXO8QD-q˓L#h<W>\\cD-TD%O\nA@l6nwwz\\_EZ.qLB*\\XMM4BJH<J \0i&\"s%(&;7q=r@NҔp~?%XF,!/_D#DthwҜEm+L9Y0bC=qp^jDs;߇<DlKS4\Z^iS䞲$!:T\'4	:QD1`GST{dsق&:V]TÊ֊3`\n3]ͣR\"f+?SAuѳq\nwotۏBҌ+:(8>8YNDIxT!	)\noB^WUxߡްR[Q\'Uɋ0+>e*c\ZGS!LVi7viQv3jFҿ0Kva͂(̐a\'\n*zj>0#F߀*$pHi*\"\"A\n\nP+K~	=\\>`qٸ |ğ(vhS[c AGmt1B)˖oc	;맀v7ަr**\n	tT9\"=rTid)%6XgQZTZܼݛi*>Q鷨Ds#tE:g֣>9ֆdi$\0BMci*pF\08g=Y)\0J2uf.O\rf!<vwtpk\'+lԈEHkhcd̦{)A9v4uG8f~ 9\nB׾ſuM}Rt7WS`jYbMAC!A@4LOs\"14.*Vσ+\"EHg]&+vHH?U9%ptI;d/TH3h\Z8ab	sX|-RB\r\0$xshf|7NEd3 uTr6_CF=|\\_]|s пAJ2j4fuBLא\"~WΡ!ݫ\rz=>T.p\rMU`}:EwI)9Man^%Z}@\'`\0<fb緑*HAc\0d\0ZMyt8ZcD1F{zuf;`$.]:0z+xA9z+*7ǚ8#.bcasV[TB/0<(*5iAQ6&#i*ʢiqFvаSYj&Ɏv?rxMs*lJ~	VH<{@NPqÐFw4:嬠1tAv4gQEdgEAV:~e^J\'pFA5³8u{Df	ZZ ]5ZMzO?OJ̸E\'ś|~ޙ.SA9:\Z7T& R-,@(ݠ3\\09L.(!uN+9sQV^@E	C\\5[ +T@$+O +A-˷_b%\nBCr	B7hD9zp>)\"(:GO>fyg#˒ʱ\0C1AF*~I275[oqx7\\z5~hu/m>} L\"9|hS$7=$VDa[B*by:fF$V\Z\r7UW. ET,I7!]MUkq$D=XI}4![t&={yi:-OEb,>vU\ZtW>ߢx9\nڛHgi%2)G#5ZCʓ]ڗX\'\n,P!T5:TZ1VN\"<z}tQ\nZ1*!%s*q\"KVR{ ,%93d#j\"=\'=B|3AK4EGmשՀV<1Ǉ/*<>n{εV5#M<\\!Dq\n:֨P@Kw6r&XUM~HqY}9ջn!^B_Cw!O!W^@eoAS!\Z=[v=*VF:n҃0/X|^ \0!~*~b1\'/B4$h0{\\]b\\E9o||;y:J	vM~I	\Zs9s5xopxhZĉU`Ln%aB\rtwWxۜ\"(<Aϝ%	u#Rb\nUN?C\n>)KԎ&su1:O~Gy;钝R!uP)^ƨT\Zt2\n\Z[98#@hE9!V΅sR(d0csqpdDq:>C#x$5 d{\'Ӛ@Dβq)f8w{H#Ig	ʐ@/HNh2C~\Z=r\ru@5:nn !,J1֐W\r^CS&xάTFS_fg^1Y8ŻS(Eǂ v\r6ԍi$n%ҎnN㚂fq|\ZG~ٛ%08O!?\"@F^+7A$Chm@z!LO	V#PkFJH㐶B?㳷qZRf3YFYWx\\AAIp[8Sb1yeS1/п;o~G)|9ZN5\r/44ƀ()PZ!X\'$.SC\'<O=mp|wvt\r\"Bh@Aovڰr	1jkO(NG!z\Zk.gE-.?C_.|M-l}B3ۥrLUQsʪX)>julM&O\\^!&:bvXvo!zL1EG;!%h)Э	5ZCM~zҀ1R$z+:\"vR9HK	:LX=;L^\"QV^HS-{4az\0YZV̴Ћ)J:󸪦\\(ɅG8vq\"OJGyB1n~n`8yKaGz#;n,)DJhC/aM@*~}94FtV?GOǑ:EO߀o.U1w>=\rpsWq\\Bit4Pub7G(bbEDH/7ECM)\n,AGr[bKGS͡QK{DJƳ;foNy.GXcX՗PY:RX\0R1hSS/rN)؆Z(Ay)!)ķ/ҿ-Sq\"^6.3Zk$u;秠R\\Sӳ;{~H?Q\Z\"vKu|r>ZLɋ	FiL\'\r-o0\"]}=iEG{t6LL)eE	fo@jV\nb!19y9n;CzѮ`~sO90u\"+s\Z®#D]\\.G: Z@(D=\'MfO^x\ZCtyт􆺜ĕ\'1\ZIOw,[Ly\Z;Ea)ݨ!\'6#ivLxqʑ%ZXq5.~h~ۈchfK7a	K\'m@n\n5X߄}/A#apv9rpCAh痣MJL{7ٜ:+XLNȫYdBaRKm/FGrxU_vk@C:I*uggY{|y7)%R)W5u\r̷q.!VDF\ri  7AzT.nLhNyk~\"fF==\'\'s\nAڧz9?@߇ڼn5D\n)vbt@)1KZXe\Z!5u`jr9V\Z$/+LNheRbz޵GY+UqP\nA8jIv4R0 r4N7c1J4!#\"UaKWJ!=in놤Иu53$kf;<:A^滌wޠ*%aKRWlt\r_\"%O=t9r{2:8,ݴ#h\0[R[Q@uvi%kIn=P^t_OY<!JGથ^}AP`]R|OX/B11n{kgΫ0:d\\>TzĝƳj|q;?YFyMeڛOl=n㗹ƌh-Qr(LTYL8&ozl;MkJ\\,]?%@*\"!X덳KRh.;D!\n!\Z.:n/5hn|ph)Abw#N6X1Vb)\'HM}*V\n?\"zغ\\va/G/n(\rE16v.At0րW8[Px٢**\'tZmt{b<4gԳ~H17+zdFyiVLn68<(tHҐZ!	_79A!诃rjr̢f`\"}Р%a:ęlA/;$#4	٬`+I.S\\ҩ6g*5dу8:S1՗EEõZ\Z\\6c6:ũ\0юh)R	lwN;h5#WX /`=3oBV{]M)NF˥Ռ{^\"9~F%a88$_G=p\"7t_o>@j{ˡbi&sSYMQ78\Z\\\"]Baގ8fi)ŒWeLv)/cSqMGuL`V/!iDeKN;(H[\rFXbʜux\'pQEQ6\\DgzOXnpm;o099<[S[W t*(3HPb\nUFS/t8m3y%٤fo8VXj|\n?Dl|w])QJ\"J,UmYX;$!_9M6FTYF1yJwz}ڲM\n*\"ZGp	V@]utn$;	Pkpc?ڣ7)!6\Zˢ0ev>aH|1n:4I	n8THzff13Ss2mE`3ezTƖhX\Z3T{ Bc Vf4 b	?1|/^_F{=f9_\r3N^y\Z\"0>O\0;xNq[fF3:$;3J`<{ !U&Ln90{Zz]ӔP^c+˚wڔ)8)@-4MJ<\'S<i+EQE^n#VYe@%>jc!M:+0*ii=4*\"ͱB1:פ+gM\rRcwYhN^+L0Αgi1az M].M㼠ijސU+GQǂi],hp\n[\ZeD\rR0xb+\ZTE!I7F4%nvBjylDKTh<u	sh-V !8u6{qek-8`N{8qĝU>v(c\"		8ڙ.t8Ѯ`0TF05hHZңtE\nłK7F)1c^L^\\l2牆5S&WO^_#$ƑrJ&p%޻/DBWAm,տA\'fO/Y_hNfTW\ZXt\")YVCܓt?g~Lp[_c@\'x{T \njLb$AnJ.\"]Ce*\n-4doNvQ%hh4 %3,:T6C{2Ibe28Ӡ.Ød 0GWރ[KB. T |uBut)IpCS4՘^(tu][Kw2@W9RD?x/{u0ǖVW(XajlX+ ZAu0\r[VIV4}FǊrQHmXj!6jPm6mhAEm<k\\O]tWS\n&ٽD0S/fh)ssJXY[0Y1uU08ɝIF/#u1^JҋMsn})=ǇIzgcc7A,W9^\\yD.<}\')ే.I$纸Y(@4[h-nSϑ\\Elwr`zl~:EvM*qixx).?Η?MVr8(	z|$^`>)g+EN{`wB%lM`ʂV	\"	V{T4YbT8\Zp\06aS+\\qm22\'-XKvE4?	2\0buf7\ZusT4c)֍Q	q\"c8ew-\'ʱDdCg8`MCTWnfc]{ōo!S4%݈NPQ:sf&#K$*~O{zKW _ !\",(Gyk,YeG뚦x1Yczi<ik6bVG|$~oGБlʌ\"mv-ܾ]sqغNL||Azw:/2\\}Pfxk0c謦Y(7+6XwV4	wqС=i WkD7_\n_xc*/jb:cvE3opq1SȝJHrtrGw,\nS2;`rlcEFGkd\rCn%NJʦHH.ac@hnfʡjW)i8zWe<}kd)f4k\nqK&%]l0>$DujN>X- E&%@POspke^Ƚ+)r:rR3|c4h	aڥ{ q+Vd1czU-!ODhpdcroTSmp\nt ,22?DdΒa\0_zK9B\Zb%}NlvW)*\n:hcy܌?t% JqmCx6ؼշ\n\nHSٝ5խ易\0p]+pU~ |(eh^/%x:]1R*&4ɘNM	[K{pA6n5Ԣ;ƣԲdc_{W=hG?Iߠl3nU|s`}v~@Gȗ*NYդuC`<p*al΃]zI-7YxgX+vQ/IRa4vHaFLx2Q1|pAlʷI;)3\Zڎ3s!6*<o=nFK\"$!qw皥4.:R/݅D*I=֜w_2w+vRo	3|UV[:1	+gtӄO\r^\0R1*Nk\ZYAU76	VZń8NH֣O$I=ݥk8j8֟\n0\\\'8pr˕\Z\Zd<\"b|1UQF&]wO`VS~5sh9r\"E{g]ߐv\rڀ݀NiE%8y>~-f`Qwx	ss\"<k<[g6?DepIrI(GB-8y_P/raЭguI\0QNW5|/\"$8,V3J6)g=M}Lyp}|t̽3=QlO></@{_f9[N˒T\ZDQfQ4u]dLOOѮ&mi4&PaHFKBAXYWpZj#Ko*\'^P{sT{Sg`e{~A5|/^?\n(Gy2Ui	L{d\r\rqJQZ$AqxZKV(%}!)u H!qKC҉v^*JmgD\rdY}:ClWxkHZ}eDgf8W\ZV.)<\'\r_E幊o$Tۄ,+OwBpnzN`	tLN1箜O~0j zM+H褂TWr|<-퐾s\\ͪdyҶ$*h)S\rWߋWS(>̢;4Kj9jQPr}Y{!}BoH߿)Ճ-`EM]HbY5 ``R5Kt%>d=a#\'..~iNn¤.3:>y;o16#q:: jnщFŚh;y1ݽEF*A$\nD.i\n#s4u\ZB:6J)*SS;PV%^i|]Xc*-rRS>I{*ȕH?Cw	lphs5CFoɡt@f(`*Y׼wH$\nuL\Zb6_NV,n>tPzX^]MiDHI<AhSccl]`kKJ|Bm50$huQ!\"ۨMm#MIF#Mw_fԿ_]kpN`z5ʝ`OI}лI-)	jU83Hh9/|tڜ/\"CIz.\rwǖF\0UzVvnyӏ~L=<<nrx;t.~r7PmE~{ӗ\nqZf9缠>UyRt䴮&$?Cya\nWՒV^ձGG	zTM_ݧv{e&b+8*PO	c+WycOYp|yg92jXcq\0K$ȗAG;QgjuЭ6aBH&t	X$-e6?zS81\"-C k̓St/oQB\"F0u6\"F>e`Jd4\\CS\\9,FKs/,MΨX,`<p< \n$A+F8ﰹC!~LԎKymS5q73l]c\'3	P\"#huHZq C\rbq7	4\\z#B32A<4(\\1#\Z|\\ѩ\'hG9\njbtq\\ys._09CAGt.M\'\\,!l</\r(\\	<WKίDaBiK7nO^}C_޽Davw.<cGTca㘀at}O4-Lj6\Zt#RKE`)MRZOvyJkC/\'SDC!:=Ew$\"].D˓Sxզ}*vߜϰ\Z4.Ď(vHqW\Z`o88.JpJBnKxX΃]I:mVZN9}hZ:DuT`J|GX5WXS $0%{];QAw @--^&P:G.mzn_.~~6:rBUhL_9ecdz1+gGr/;ynO1>P͙#Lm\ZY5Ʌ5)n7ȕ3UEX*L8vF͙M\\ހGU[М =`K|eԒJY-un.(^ZG:S<riп	ΐ= K\" 0\\ǴnAy~ӳvYWYb;\rMANnr7BdH=\"I\Z[`1-KX	4x\0W5n<\0{hET**$}<!S\r+D\Z?{i/>KE}\r/[z18\n5gmDU}RLsʢ\ZgJKL4<)*@\Z \nN?5q&;vE{#tѲZڐi57~FCF8N4#يtx)D\r] [`g$(|8]K2J[PD%u)pV搦n(l\nmh	IEv|j>X eΘĨS7y 9STB;s11~֚PokHMCC+M:g	F4`\\ W%TN7A|(㍤J]Ψ\Z&T@+*)\\%MEF1:`Ĩ.GVVY+!?p$Htd?CYK:Đ<\n\0),Bxv\'-\Z$9ڔ4ӷdqݥ)`/{]R9ϗ3vA^m5MϐL\\.]jh}|&o\\x/*\nr@@u YؤZ8ӛ#L]`SD	T4SL\'1?ҙ\rdQh%(\\Hxpe.+g[hWbfwfouYmX[r \'gI#`\\{>xiI!JؼD,ĝm6\0oJtj/Wi`kD\rP>,\0\'SOSobc\ZИ\'6%MXnq\r8O5S?3%.W`\0Zdv:h\ZW<Kw\"H!QSOffo*7xJ4JCPri酖ԋv`eHqc9 F<KzK/P☝A h4=M09E5_n+	r3<d|өf\'zG{Ιw^ y>Cc$Ж(n[&zpD;ҁϏq/ad\\8|aMpbQ%h?ޤ4-CǖDP%Qf\'&ALBܝS=x;XԄG\rvQ˨?Zv!j1h!Rx@J_좄\0&M\\Pxbi_mkz1frU;ɡO7f7)Ҥ	%lEXa[\r-4	T7ЁOU+֟Ews.\n¾k}s}<.]su2$޺.U<5UA2]N]ȧC D \Z[Yؽ(,TQ|\ZcpZ\ng΋ \"M}\"4WctCwM\\lTD/sعRqo\0![\" \\15ϑ;?g\\\\%:^;8!b~@5]SSyf21]E-F	t^b*UȸK13_kSC1ckt^4&.o#lM\\@JWH-=ο\rӻ>(a!yWPσp:8?ģ=(c(WOMv_IkK]egj1B,e-d~|ȣO>l2;Ŗ-F9	  	[Da\r:C\n{&r X(S6o_b}g}NBsf@`J)AhilJ0Q%c)2Eq ~(cT?e:8<?DW¹\0rנ)@._/11SAHCox\nkWy-ѕ5BѥQ{5q\nkR]c%SmCN\n`:cb.FvorA<Fm]!c~\n:۸ C6ok\"=ʹaI	Fhz\"CjX<E^]z^ڰ!6Ie8%?nݾ 3kH\"mM~_@NL {&}E-E1u0\Zƈ/P&Yлvu㏠XS/.(f鼰W_Bb?F8.@b\r4k>\'gvbT5)`3 #nHRϧ3K1Of	uTSt^,C~0l*hxV>+4wa`Шil1oGsrmJg3CWmKn|9lꨩ@\r{n+R?s	uuA,&m7x81ΗTCf?ĘMhЄ#⣒nA=EH9iq5)s[Y\\ado/0㐮4^LST?=B\"5lxhkB]H D4\rH.F*g(ئ<C{,DWJ \"l2\0!?G#lư5=t18?G`s\'~(Mє-EF59Dj6*jE\r(ŗ\0[W\"h5uY{2kSxG\0/Иn	+OpMPR$*aL.Q?`\n1~uOo\"Wq,	?9@耺qAlB8a0~ǙCKuvh=tnͷ9<F;dy\'_\"D;i95 \'^L]8:޳_~krBmxxVP*$ jc\0YOMB~OD>{EbcsUC)[=;_+)ؓߣ>:F4%f*}67ArS	*B <pcE+uco\Z8DUGqU?pZ\nxB3()X+%B)TJc5zplBIk@3kp\\|0N=zrB#U7JY+f>=EvƸ*bY]8bpeLv{M>aS.$%G#T=S{ҏ\0\"EHW1aⰏI\\v&\"-&Өp* ;=lUd)STxk\\iLG<ڿsI}ױ:#bTOI@q-??Gm=\na*yqzgrsZBFX	H,x=r:\nW=D\ZG?\'Vg4=65\"~y=OL@6&!6(ւ&@Pmtj}eE3I09!uB4ݮ#=0 ߸]RLOhҚ\"ՙ\'c\n\0:/a{4樕b8t_ \r·4e\Z#H\ZUWGנT@C	8rBk[9xE6:pd?ۺ)SŚ`\0)d2}(Jah&<zl2*D_pit)ٿ[=!7Mn(nСȺ7 Bkyv@=I<ak!a!H@*MN^H/X<y-<\"CVu9p]TwH+Em2t%=bEid\0Ut9?ۼ:h@<o_H`;\ruVd&GwaǸkј&5BXXpY腇\'gv#m2QxAE?SC(|%l{K _=\r2^;m8M¢A5w5n|mL3|5t%\\0A*CYKltB)N!\nL,1O.^akVo?)\"(J4cA]yeEW@=[\rY ۧӽ%E5$\r0NE|-er/_241G]JLӾ$Ksig9a5qN\"l+kEkEG>J-vjYPkPVPO\'9k)a>	uu\\wefbTf\'<*\rv*_>8Έw?4I\'kxACuU/xP@ʘ!ϸ|nЏ<Ph6dRU94Z㢐\\: O5uVbJ7-q냿yhcn~I]y\\`g4S!\'t`p	&5MzJ.hĸehיQ-=\Z$5B:[5Fq.hJmAcqg8\n{~/\rijm ۘ\'yS׈&g\n?Fg%>uFNh8ddC\"\\9\rTl$^Qy☬^s>3MhDp3Ei)BT]~ߣ\rѬ`7NSL)זfa	D8}Ko2t\\:{v	2\Z`\n*\rKc:A.vkn!9ړ^*05۾\Z3\Z䘼##0&`\rQ)RBcD	HIѫQmz/d{ztcϦ.3zyQjVX\'#ۗ#.؍jV5Lr9e;%*%}C=4:}!Dj,%\\-ԀfB\n/hõF:(SL6Om	^\0D;Р<\n?OȏNعr~st7|(..[p@^iy	tP^ߏ80Wu5Y77P_li@)cu!wpMrI~kxexI۟Jo5@.4eb׮}S}6\Z8b\rd4L.JTFO?>`juN(TgŃztGя4lajNe>ָm8F56}5<#9m9.>98IQ~M=OG]ZW`j ZW|uxW)sPEdk r{+P9TjJ=>?!b1&A?ޠ8DQ^ vqD9n<FoiCDSSfϐOa3.O>ADP\'YwQ5l\nzrE\\5s_ƯDK,gr)>|7A8g1Q\0@`}\r\Z+$&Vh&[<-T~Df8qBcz	]L@2\"pqXOd1XE$^\":\0_5#-BCx*!Τ`QH\rD\nZ55ƞS7_BXKY}7h*V;bg`Y;֚=CS?XkK\n+QÃwJVW׉<D0Y|ۼw.x3v2\\#Rgu~,ͳR.lHқ3L90uFHIxwB&t]b>y\0Vpь)돏\"?]0G/q%:0VuAc\ry6	F6pQ ;=TFLFM8!E}0X4%X.Q#$RxAH~6Emc]UR&	=ٔՄ9{|O䜧oK	ޝ[K?Kbx􀋣c4KNXfB9`Y;\rT[\"C4Vhml	&PX=P\"AX-#%y3zfOnGw FV)q\rh0՜\0%{f<^,4OchN\\r6.xaYU%jBπSfsT73Wы_7uB8c;)ۗƘޕ yw!NY$8td%199~𔠑!(/Vt&nB]SŋX7O7?R\rEf*bwQ.VSYl*SʕMWZV<:~{ȾORDX?5#4e4(G4?H)}vV55X<Z5FטgF66Bt;`X0!L<yN}ы h.\Zg\"j[NK6v/tj,~ͯ0E-HMY:D-{R?fqq֥{\Z豏Q9\ZJfG~k\\ދٿb˙brr<d$-Eg4$ۅt\066 \"\"ia;F=IMaxAH\0me8P~B2D]\rbbZހ?xڬțo5UE-20NPD.`t\'۟rfı>v\\y7:l_ع\n>%xt~\"jǸ*wpoq?#y!-1F{,l\rraBK1X9[ٿ\n!|pΚbfd㳗y%n}WV<GChL1owO$2t}$UEʗG5ͼ(Eh@J8y|mmxzf0Ɖ%aAH\r9KJ:16,\ZdV_۠{/u˯Vm	\01-+tĕ\r:_S+p[((!\Z#һPg,X<>>W1[۬\'snKTIMɦLEW\',J^MY}_!ںF>?&#!iUSL/89:@\'8m鉈zerz=IWא\0]; \"oY=D\n|A=o.m+|\'H(^o@w|I2\"lb!-_ \nɫ3<F jXΐb.seqL~l*Mg\'K:!u8(BYqqxQ\"MY/OYfOs7ؾ2txշA/.X~T(SOp5.on?^C)}\'\nLV16Ung.n!?S<Y~O}]C5ր\nsL$=.w_l]J(*mJ߇A<[ԗ_6~\nj֊?& ]M@)	N)\\.p*L|Ayt>YNe}Mjg-<RXk1\r g\ZeQ-V;Քb1K$M%z(	>XP\nKwM\\Cb,\'anyAB0|CY}^\0Sݜ|ɽR]`5= ع>trJdK*XU	\\sx$E5gSv-4_mg>۠@l\rDJƝ\0\ZuClfiMU)C~fYl 5Y3\n P1F8Ddq]y[tԫ(\"(tXv߿&rS}@$H1$Wdz	s~y[	;`{\'h6wG16MSYh2>.<6\n[,SWl>7saۨ]WhX`SyJSWh\n)^cӗ~#z_g/ٻJg2Nt5\rB4SNȟ|Ž?$=K?;$!eZbćxD{/}y+1\'wkh4D=Q<&2)Kmңct\"F]c=\\]\no-LZ#7GWI)InEs΂n*onE$F&}X`UNdpfdL9;y4>bNꧩ`YQ!I<@!ϐn(G3iҔ*1\'#qgK{#Κ9\nqQ=;%N+7^>pGwZ\r3nMG4@Nnx[X8=K0ShN@ۛ/}Pl[g;?D$0xGtɒN6WpT,S4yŜՌcpxt;^ze-^@GR-\ZP/oyuh~%f}0},8_x;D\r⨋^>pzwJC`6ˑZ۬>o~k?}0>z8@j:Nm?֘jsmgKG?:{Q&/B54^8M6	0yz#/8?%fE?i\rx21|*OhP	yK$J#\rAbNjiI!VcYq9m{x׶:I6\ZM2	:QGLqYΟmnv6*h	aM[P%k_g٨ѷ|>e\r)pȳ*vvT`RXlvKXQ]!fëeu:5K~H<$u&˒Pz̖ p^\"/:\'hS|t瘋oATk\r@*i^ԧ`PKIgkpȎV~mo\ZlÈ-݀6ퟪo_QM͵>Wn1o3_c,2H\\c.rn:P|d R\'k@x?_Jӷ	o_۸nB`њW?cM[j))gLo9?\\~;Ih#P\'#%7D>\"_<{>Hkehos\ZӷLؚ_ߌ)EÌx;Aw9BE=!Ti@m\'RlG_GϦmmYj\'TM)#dX{8S=$)\"هQWm:*/i*\rjʋEAJ`лCtBL$?a>͙Q6ӳR <cC&/xJ5\"\Z0<$b7}mh!`8.z4~Z#&=6h߁VT7a}<r(>C(O ?\0[\n:݈\'%7H(N!۟\Z\rxҡgǇ>byD[(pQH\rG//4~Vلߣ0]?ͯ(VoE5+L^/4r,\r;C\r.Ոg+yY{\\{ȁl{oDIr}g\rda*%:?\\Xqh}Khbg9jC#m\rOStw3ػ 	\Z^O8[.M0!/jtA覆0{t£CxLugɛ_aso!aQр`uǔe)	 Nv6WAߺ0QLzXJb{ \\z^y/v0{rԙNSfNU7h1OP\Z6G;PoP{p|T LHƌ=&\'X]f\n!t\"8t9IWYEVjVGxa\"ߢ\"E\r\'Y؅\0c~0YM=CxѢJTcKtVлMqP532%M[1ڹ43\nzĽؽRsC~_ǆ]\Zs5mrE.]g5{]۟K?Ag\Z[qʗ5}c)6^z<ɿfVB\\$5(;]5k!b7h8X@OPB\\M3uK|ed (5n&vBD%(YI&n_mq[Mx=P*MZl\'$nG̍a}Vx/QWb2&/ib[[\\7`,4*G邠,q1;mgw!dkm5\rH2Q~lf=~j~*:v{W6tw?]h\Znpi\'.ȏxB?\rz1olCS0=\\5\\5c~vS!(^ʟ$<v+dͪqD\n&*m~~`ŮўdcWS]߱x@v)O`0^\0K0k\'Q\"\\\nR O?(]zk<\\\"|3Jp\r2RӔ\ZM0gTAF;\r\r;.9.#E?i\ra!\'v?÷F[7~-.L:f}TItG{=[)\'ʑM5:s,ԌH9(4#CtiڢZ]un\nmDX}\ZY<Aͺ.,)^⼆!gl0w[P!?-h/*7n:=}&G0$TyD2[Tz\nчߦqg\Zt6X2\'SlmX8c qz~f]\0!ds	BG(TR*:r2 =0N9A\'Cl=rA-ٓQH1)aYv ^`ꊋ,}\ni+YwXq3/ݸ&\rýoQ80Mi*< \n}FAԫ5\"pאlI0t0ؠ!zP\rӅ~LwcURzxR6tw$\"٥<>B~!\"ynH|\ZZtA]S+90{6VQ4):[#_\0/8xouDjw&~g՝gq.6N*OO<߼BjG$6qE|f4|AF\\,i\'3g\r:IȨc=eH~u ҜSO9qN}=	_zBXg~Pa!$1@PSzS}[Z%}<1ǝ뿊2:xtPqsz#NdT;WCN.WLM>)ov)ơOP]xy9I_+ڙkڦP9u>Zg394\ZIup@B[<Zcif(oH\\aSx+MHtEfE_AHK$\nbjv_O2Ub]`S!NlltIB8=:$;b}xɂ{l[dIq\nffG =G7x~P5#H5.lʀeGo%]%!\0HnW9eUc\'.(xbNDwrD>=afℓ}kIgN:|N_z~˃Գ	G\'D;4elx|@0.Eے:/eADLJ\Z[}IF1XU_&O\nrVnpF-\ZGlڞQ2	PJ!O~rN9ux@ᢡ\'x>MO[%\"Xvpu@/lEK\rXO}S7\0V	.dumg<yH᪦ gyj:uIyyNw()%8@l%XkB*F\ZlРbF\Z,QD<4U.RIOńa%.|ڦU~%*p=p\"%=~@\Z1,u#m)\n9Y|/A$9G2N<2铌Y ޥ7y/PeҬ`ijKʔs\"A \Z^\'\rSSeEA܁(	{kPx^D>ċ!&<Og×Woa1VH>\n.})\'\'{}pbg,Q7CU>!_EO\'g:.Qk?XZyE!V4yra-|sHػB_\\suF1.,gSko][h\'W\Z7atFE6vfC\':>;D4\"@gDc\n\nH.Zyc`YAtP _/!à	=#vY?ar44C7:\n7AzVK!X+Yʧ\rA\0\'i{!>([0p`yiW}հg1IaʬEUo?b(A<ؤx溢8.S\\!?44e:n>]8/9EsX0)S:]MZtrU4UI,nr;>L{g0NL2J ܈H/84c5m,r<frhi]cM\rw #pĉX2PPA]*Ű;DKLSaSAhb񬦳		:ēOv1)2bX?Bob{CWAW4>kl\Z\ZlqrTryN*\rtvY-RKXݥ*(o|o<P4uHC\"VOȟ|we*Y΋Pa舗>s\'9cdd|Y\\}s8|YdO-\"&P|v.*:w^9TIΖ!*A@{W@E&GtF(|֓4\"^X#ZK%Frvx%ηXX<8s_ئ1;qHaz_sF^\r*]a\\L+l%# $J4B jʥFr1`5\\^HFeC>|N>\Z&	P?bG# eŗU[1Mߍ{;8(zA]5[E\rĆFXrGqhXy̋O?`pUuG0%l&^2Ms-]U!+ꋇHsz+r]a~o?StKN3Ojֶ&NFo!hlBϗr(I$[xM\ZkbbF/clѠ5ʖ\\GTN?;<_so|\Z?Hkr!*y6*.\'cf\'gfEkRk3?IӧSޠ?\\nvFcb>{ ,م&8\\ީb`x%aH	\r8lS)/43\Z/(7\"$A6XMOY?@;PM4%!?f\r[1&9B۽&>`yŊe~h:>:]y`k}0<{B$v@QxxvXV6[>e:8DڎEpp\\$j#T\'kE\nYkt6I}ْz\n|E\"a֑ެq6B[]N$-Ȳegg3l‐͍^U|o}/::LlҖe¦$yItApx[]:CɼkDv-y8mX-Z R;L@t$vlo0&t%~g&FEQαm&H#0#Q]ԥ8K`D/w|KYA-il?H|8\Zv(ӧyS/PeRc֫dq}v.]F//_+C0\n! -A`\"H`rCvAmX,QRZ\\0cu3zi{.#6*MtuL^kdm`Ay٠tX1dByDqL~1ųi:nWй+rn^<\\{#Cڐ\ZՏ_\Z0?:Hce:%U.b}Q^Pʐ,d~OW$%&Ȓ0\Z(`1Zb3k\Zp%x9VwO҃f苽YgvLb:&1)\"}tP7Y[9j3Ppa3l*ȯȣC_1jBj%_%wJu^7PQR=#QH\ZlDs3G33Ma1IZX3+	ز**w3Oهh@2zjt>/j_\Z`xIAӑS|1dp,CPOqmla%	0b61yrNSv~ϟ0}>X\rG}YOhיSfkN667y%~	RVS>#C.]Y/ڱzcJݒ3>[>!>\Z/ߑTIjﰲ]u]ԍ!}ۿ?wD{@\rFԦr6\ZN7Ւ1s̸Ow+o\n:GFqEZՐ%vbfSm̽#޹ܞp5ú.)\Z+%B/aO88!\"Oh$AawMrњ҃B\n	9\06_|ި\'fxwIͱk\Z,t青`H8ΩVO\Z$ B1bFRT5Q;Ax8(+{==G\\,%JBㄡKţhH|\'ԍGY+B(L{*1N`:;\'OѶB\rn\\x7U\\;:#M.x$)ހ#Go2}}?cRkzLqN,D[}\\ݡ?	z~CcOYOOVQ\nj闸kaa!_GO/zB] e~.uBlb2pp	P6-̖x gu	Dj\'r>5w=KeTQI(u9oָ\n$o|H	d!oyd7/liD^V+kD/K{,TfD+()NxHfIq>#B<2\"RQGjb8[5,qĕό1ؽRqR/HlU2\n?\ZYӉ%VtI pYA.A)7<  IA3_C]bW%Lcg`V`F<AR;|	\0\nN3>9v͏؅ɦǘ*CE&^)i4bIblth|p%+h\"><[}Yj\\hV\\&[[^WB\ZD^Fn]7-/#4dWZ`tE9$Q֤3<j}o?|1>?Θ=/Tԑ(4Dz\rk꿇o\"[8v1MJ6R!1?\Za:MxL0G4TeEĸp~-6ڝRMӣ*R\Z̋	dΦ7w7PnbZ0\\ K1kk: sM0)IBAQO\Zza$0gMM_a6:^/t*BPͣgQqn\\\Z>&XTBc\n׭Dh\Z:%,q;]kDcѥB)P\"GqQ3M)|Op맞㳟AY.8;`IDrkޮG-\"m|3^5Xw<z&2m-CEW9@p\r4dG&FCs ֭Ѭ[F(u״gKW	:[B!ܾ4grB|9[4W	c)Q@<0Q8kpha\"4OWd0Ѭ.\'K\'X[\Z*ƇC[jUQ6%^f[N\n*Hh.Jaψpg\r=/dCQY\Z@u^b1vz^RLQ4hHÈD33psI\rEk8z)Eel:!uDEg#&3l{dłYCZ9)$MH\ZYh3mDbVN@%dܫ;7/cG4X-Ы	;\'O!AEO!zclW£1|@K*Yi8+uIJJ!Gvy=\nV\n^?<!\"U`y$p%k~JAZQ^8l_I\nFJa-\0?cF0];L1T\0g3~F_=ܾHXb%NhW%^S\Z@=	;+Z39)NT\\\r($̷aYN^l]|{L`5*GyGǔM׍0C${^O5zW7f%ܸJpOX=ztiJ^_E>+1K,>yL=~E\"GϳtS7hsGqME%,գ 	Sꅡ>y6OS\"cqA~[_.}=<:HV=JѬ&TCmׯ]<e~|JZhnB;$rֳ3,y\Z{9o\\w$#9$cJvngp+\Za\ZKP:Z\nh(Iz!<R<QDE/M#	A< ^[LpO@+T#愠S\r*q]5Y>^BIMQ45vTgq.(fi&<]ep\'IGpmeD1AD=5L%Ə~OANh!\\rӻ$[G{BO)AzԳ;X\r}|	г\'<\'{\0k!)ϴbl%?Pn0z4:_c\'/ARr66\"?zf)>O39&`xa@8_߅\'JҔj=Vauy:wV\nOD7d\"z9:\n\'=P|1Cy!&Xkd(Pg+Cea!{TGK~fL|}@]`\Z	DPؾAt xMta\Zqï!)WfDb~L6==\\be0PUCHF;MI\\**Y,S8V&W^Is8:\"/&t &tqYE;iƧw0S_]ع/Lqu\".(|\r.N0~ht9:1%҇gb\"da\"%,2\'>rڡV%n\n.np\'k|!AU졬\ZcVz/}}Zا7	7ڠ@obL3)w){ՊJxAX\\uI[\"ۏ\Z-E02Ώ\Z_s^\'C\nIpE=`L0E渪6+\n/1%^~JQ3ac0X؍Wϙ\Zc=usyY36t8oݗ_Ů3ؾvHzx}(r{z1ަ~.#*AycV-	:3\0b\'~nnOx0{ˡ:K!\"x\nbTnm 2NQfD~~8;H?^#lR?ȨCL]e:=<oM]`o 7=bN(PJg4\Zς%\n^$)KΟdР\Z[EC_ē`q1Hp!F-%m._63	<겠r5z]arӀ!ENG:p(tU 8_}*S#)#1`x!9}WsSs9	yHz}Tb<cTNKfBӂp#\rҳhAvB`!?J͝=}s&f`&UqS*EvcPO0\Z=+Zis4 qò6Ӵ!\\\0D\\WAԦ%V\rg-x|Q/?{o!V\'P0?9Ay\'KKN;(jT!z!mjYF(FWznq9(%ldOj#H hp>v:XmU7B:H)	un1;[^q-^ϗd#\'tM(9ڦAt=H)l=}KTpga .`z\nwZwۍqzPi-[;qHaGk!B^VcW jd~$=nr{dKFHO`/&CzE2Cu4H+DÐ]U\n\'t¶Dk[\\\'-It]@/R̞g`-ZZ!ߏ(&FD!e:E\"lt\"1u0@8\'~P!A2Wou#4:ŉ/!<K>Z^Pgk\"\")F;jZ=^a.n>.>M\r&HJtC:@g#|9,Is؅}ΩL\\T ;=(%$:S_Tx,&T	Ɓ0ԡcqH\"\"=\ZϢ֨Ͱ\"[Y̢$1=b%Øƅ4Ơ9	Q4h[&)S`mFbID5ԵA8HO\rقlF˥4\nQgE+%p2Č\rndmLG?7ұ8|&Sܐ}Ab(VV\Zku$\Z*GhW|d<Mtk4޷{#<>by!tۯG} \rt#P9x=@.`]4@_<:<c4-Pke*p\nQWmlc6@!k7Wc	q*#pw	S#A$V2֬n݈J\rv̞G\ZJ\r	6x \rbA$.]Qr`Q#1{,Q1YMc\"4h> X\"2D1ǕYZPm;o[hJr>Ka;͐89m7\0σxD\nDG<Bz\r2aj[(ih6b\\SH_⫝̸0X)Bb\r:sӓt6v.-W4I;\nD:1ڡ\"sD#x9j=ʆQqv1n4Lm>OȽ˥w5E#X3f=ӓ#Ry	t`#rt̵G9Vٜd(I֔OCps]usGSἐƨbApi0ٚjDj&8{]{Xg?9V\rۃU?&*q\"ę\n~]Te|pWo_c~|wgҗpnNeQ!*QN\\E\n\\\ZSHmlbr)+LY/3DM1kظK3WH?\"Hb^\r)	d(@֏:ƫWKƦ4t]\Zmj&xd>\\494\rئ=:d>q3A]xC`\Zga1;tvf	=d>!/4OWcܓ\r=q^\\`V9ͺ:\nww¡3pF;o9}PG.*=S>3.A(\r/0UCSBsx]DG-M97CiDw	z	Hm_b2?thp<54)4&1-W YCԇ)pK\Zҹۇ/Hܣx:#3쨇(#*+u\0mag5@NZ \n|˸^2\'8UW!E9.~aq@2\'\"	av^{>_̾Mo·jS#?\ZFgq\"LW1m\rb.=u=l6492t;D]B`fUz%?;Dڊ`o! :KLZs[TwQnGڥ@?]\r!t(4@Xop`U+sD\rwͻp>ŦKpAk3{:#?q֎rn!\'4WK?Kp0bYx#gt}{z~r𛨫îbH?mmS=3te\Z\n`|lT{P4ƐACdQLRصfe\r%G祗1CӲ:ȡ@$hGa\r\Z	F{YLcm8Cd<b)>aw?@<Eh:H66k_`u|5i	.o\'A0\n<oƊKW^!\0})k)J@\r^^Dmao\\SuJ9T:g;@d]쾀3DwM}S_ʡ`#v,%\"֢}~=y)EA\0ٗ6%~C7$	p[cʶ9\rwͯi;Ƿ7Ɵs)@*G6lh l;CX/hD\n+ר\n!zrFVu(*/8\rtAA$zYO)W]s8]a%zz.vL*¢.-E5ߣL3 D2!YdIW5P9bBf{ʵP3`Y4x_$ 2c9)7\ZGȠGmB\"bCs^[ĥ7Y\'4\ZҊ΍E D\'uZIjÌ>	%ojɜ*BD92Ey~k8hDrKėB\n\"Fƛmiֶ~w[~pHn)pŒӏ~w\'O%*1x4`#W\n#By!ahG3Ss(3Zp|w|o\"׿kb8?kK .@D\nB9ϧ>PLrÄP䠆;,`k\ZEg`;d+/߽c\ZAOOs~wK_f/p)X;S @\ZNTJj8`&O§ʧTV%jɘbV!%IzMsZki*ܡ#O)t#*)HGy>I[u\09T*dd0HU9\']:*hJX9$?5x$D[o^%sk7pۗqC`	W}\rCZt;貇YM*A=k\r0` ،%xHa!16͙1ak\\?WQ)v8RYh7`;_}psMPb3 %*!B dJF@}xζEƫ?Sʋ[{g*i\"k~fޤE3$N\"SRR֭Jz4KIa|Ӷ~E͐&Q.^忀xs86)|NѷYߣ5ך4J6Jщ0C<i46ޅ?>f7տU`W/06`\'w.?f[\\W_=!(w-8u\r6YM[o=qrP]-g䋌<CD14:^tP^H!q8#ѳ,qU(\\^`bnJ 3,x%GHD(NUQ>0ơCI7l_~uMV8ԖΠbAB0ƈaOP-@r^}s\\`(e`x\0wt4~)PNOHkF`JS{diNo<<LrD~COYʢH6}YUKx1D/Evq¶C[\'wȟ~@9;A0\Z[TX!5}-}ToLqwAoe?d/)5_=EjL5z\rBI&h-a		 ^{\rKhX@5t6ӜwݻKq!	еTh)0jUR)~ȗI(u\"`n;_kpNRe:n}w\\{n_gCھe7?>9sMU7խ*V\")BK݊%\rtІt݆$uKT!SL,bT\\޺k~X2P|;c\"WH=jcSR_I_b-{w`̏b5JaG\"BE.a^Sl\nCdچBSNS|1#bZ[;gg!ME䎑i]\"UhpvFS\')5Du8BIIҊw,\"7H*K]@h-^gY>6w	dG֐ {\"\n^hgcz\Zo{CC&c4lKtAakA,K$\0ٌ	<rTri:_U羌mxac|5G	\\졊#|5$yN5c!v>֟\\\ZDA\n.s>G+Cs)\Z0xDuRz/tO޺73f/&PYAv%e?BqHoELn,:~=x\09D+3]ms\"Eg%6Pcf\rVH\ZÚ8V<)>*A)̀XџLkB	QَDHo1?󷖴>%&Tlv!ԌcD;)kw/yQW\'l){Gvl	T0B4\009* Y[d0Č1G$5ZB+tMk()j]ⶤnshȅ=lT7(_ӊCT2ME`MZ[;L&MCl Ծ?f\\ӧ\'XEn]Y<	\\4\"p1u%+(KI>tT3I]8jW\n\'цBEj381E \n2AqzN6z9\'\0I0Oh~XLB+[[T!x\0]][^<YS%D>\\P-2)G>t_;.tI|n&}79Euap#HSOtb\ZQ1Wt]6nYH\"HEihNO_$\rH=9,~߿@l\'r	WbXR\Ze	X]A)7m(\\UX:DI,G?>aʗۈ&WySXaq?c^{\n/toN8b8t)Niī\0;:PK#\"I\"nwVلءs4^,\'<\"H[\Z7*_}?:כ,@˂ hs5qvB7)\'N/X;F8%a7RdHPkb>D\"n,A0y/=a֠EE[8EMNP{X-=4B-h$Mv_Kaa2Hb\Z gCfV\03k{Y_{~\\\'MS#}Mxeedv$Bx!Djg|kDΡ wC|u/N\rv2D>k}/!|Ȑ\r%N/hSepО nw)LzM݇ԱM\ZwAsrf>B<*6ͯX&?NŸ~g->0uNc<ւ3#z¯~vb(ۊB9	4Æɸbn@]V<:0-ɿDqԠǠ69!5\n4Ւ\\\"\0ؤX^;-NYLWCvk|Qr^L)Z)k(kh*$gq<%u?a:ab1d4=$?7j͑o~\Zl!7J\\]5Q:H?FA½)<Ԃ\0k-\"\'%R^zdqFpu~L3ԓ%Y׻替K`qf)ۚEaAYPդQfD!\rBŔr:#u89/z=<?CRNyy_\'vf_S5Gu7_b\'\"Uori\nk\'/W*F?\Zd	wAPtDVL΀J:4*=i5;\\쥟֍_YL\Z-(	-a<#3׮1>Ċ\Z3aZ=w$)(iUx,?\"sR\Zv*ª!AfrDk-\\iMyPlcƈ@ CAp0y񞓹gނ#1UH!>a!/.\Zj1\\BpsŻߠ4EiXt4auU\rGukQUb\nokl x7)a3`Is#O	C Ҍ3$);tmD\ZP%\nIcW,!mSJorg{TƄZb2>Z%*(\'Pj{o}.w)hNf8+I[_\r$؋sЇ+kS\Zc0mr$ݍ6$t/#Co?@㘸#2g\'\"{BK]͐Bb_O\07#<fCny5HZ8#\\\'U=m}LpraDcNqus+ϞLBdG+!\r*ip6NL>\"LbW&g⻬}CD#!J~o@٣\Zz͠8[[cmwKxwpp)	,\rjh?GܜPMP%zf5ZZ֨dH}xFZg$mEy|j҉y\"]4`\'lr۸!#WYԅY>KHx;B;.<ǥ5?P:K-<i9)*K	ۄ.p+rW4hJH3i6hf#fjDdAнmlH#~rڠٟ^\r`@I6juPI7}ϣ85wQ!MJȬSAq1[4Mmf2g&\nslIQ^ӧt^4j s`lL}zH:}hS{wH]ZzH0T\'h5K\"FG_1.ZwWXGoQ=eZaF AJ\Z 1!	>x3N	\\YH֛BjVZ##uNɏPǹҔp\rJ츦\\/mxӄ4MM#s^g`pw\r&t3S=QU94ԂiNⓘgt{3L/CX˻,4\nH\ZSQXx2\ZPlMp:;0k(cY(ğSWHR#GxX^D?6kt_UӨ5|\']趷Ns\n!)6Hx5zj6L2ⴅt)HY8Û\Z+5jc(QaW-Pq JW^J^&f۾+?ׁ?>1hEm}D\Zj%D`a_\r)(7_}ċ\0WE\rMWw?z]dYPz\"]\'^::!>q[ɄF4sd] |\\U Ŏ\rN,9י>xTbMEs>̗WZv4#L:T#jCr9ߥX!E#>;2VA/<])bMT1o:b7ƏKDFxt-\\US[\ZʕF۱%)PK2C*4J*@*5sd\Z{ء\nfA~t!BFxgP\0[IM:$Q]0긘XN 	\\Ȫh|k-\\QQM@QSYGۢX,At%27@qmHb:@\rg3,\Z֟t3<.9y[G,/.hj\nRz?\rB0H9C)Rwٍ!+eIn%(5Ӧwl`bdq!lJX@ӬьGQ+YLI4c0gwЇz5n]%iN9LM\"7D}	`5ΟGz׮ӿq=~|T3F(Iu>AU\rZ%2kܸI;nD\no9!nNw6!n\\a\rRPOklm+Ļ0)Y70l_cg<n=ԧYB[Uf<`]FW{4 ڈT@]!XռUK,xݢ-2Fe[S`pm\Zbo5u>#H^?n._P:zi\0Bi=Tζ7wnLS76[NwpSOp@ZL3u}\Z.-V?\\PԂrP4ivW\0I\Z_0]	c`Omt8#?.Ji*H|\0[Xvы )Qo!$9&X,Cx!4	\Z-<Qrg1U-T!i0bo_W(\ZXYL0%*+A?&ڽD?at\n¬Q.3`x{qZ	Na\'\"D0j--J! \Z%;E\\G<H3^f\'R\\)~ZU7/S!xr>Yӧ@cO.A/b[x}4ӒAC\"wM<S\n /p&$	AzB3Sￇl.p\'GhG@=&f6;B@@\'bUg<tZxb	v٠1xz7;Q&)P\Zw0c(A].8sly+W&<?_eNd:\Z%nţ\'6B8,GS:b! 5E\Z6VwYu䴤jʕlV:`rVPgDS_D\\xU+c>UCw~fi2	O5xJHR8lS\r譯S79A>Q+$lI#D!R⍡^YX1Z v	[-lcq1N%l2mP!\Z vb<^PGCn|-DUS\n_ĝpsאuDf<:%w5֏Gdұh^P~h<ըlIqrDJq(kw^[Y|+ĵ5BQcA>Yն!TV+d1A+~r.Agב.[Hs\0_bg\'?U\\q|~d>>^E_Ml\Zqł8[{3i*t¸(R#t	\rG̗YI\n+m3Op\'4o,\'4؛Oƀo1o+sL25euh}jhpFtᐵ;8tXW]X68iCc\nb^^\'|ŻIv28{7ټu??a1jL7$`lwG)qiI1lQ@:b7u5\'??~6[@q\"0$#rBXpU=5i|\0tS\ZnߠT|C%q\r)j&SI&aOJTUC|gPF\"Ih<P7*pؼOA4~NOwk=J)Aeqӆq-qA@k̂jj`~7-|QaS,SvRw֭6cᐩmGmmA!\n|,L@k,?\n<c|-p^AH6vr/C|b;=\\\nBxD9wRKS_zĂU- E\nKIau6:儦N\'7B{dc7)\'S41\r5D$>%\\w`pjOi*D31hA|o<-4!-)ggF=&pAy)cϨrSKM^7	9vk!Flwd-&	>2eW5bcC޿\n֯	b)sϭ66\rmX>]1u05	A9.iDN0(6<FqsRќqAƖ>dlj.*\Z%Q>d>޺;	ƇG&{KT#4XZjǘ6a!z1U%%m\"	1C.!Onҹ4dt@mxfѸ1\"4\no\n.>:u}{ߧԸiZJ[U(\niCqI)d\rAa$~6b pGiŜ|i]a	7~	\n<pIbH&_1{OV꘺c}_\\u\\E\r hhyT:[Բ©Kл\n2b:])WWQDrm4\"Ģp8|5>I+Z E\0<29*]hm#1SO)&O*#`T ٥Q1m7ئZ[TFܽub^j\rZھnifQ\nHtF{\nU>\"bFrls@u\'B\r$y$ޝX4 \"d@~N=ꄺ.pR \0!6UY@]-:3[Q-K-._@]X9*)jPvb>X,ДDמfQ?d/hf|-ŒS)\'}yǈmW\ZX{/\Zfye=qN^x)osw<Rۊrh\n>@V??_BKRϦ4daQXdom?\"5b{_DtLǄOrZwnn=A7w_rߦ\\渽!Gؓ\ZUwBt ;q	̟\'42Aw\"_B7%M\\a.]S4!9Kl@ (b>W̟}|1e.Ҩ**tHxs8 -+wqaGoXGS#/UD`j\0<zHn{cy~r!I_KS\ZgZ+\\5$jO%ei_4۷_&LZ c%5C*;*~,kҸl:ƣemE3\\3AШ9ŞL+:<zMS8f4|T%	Xe)*c%Ur\\nѝ\\(X55|\"\"D6*i#|5#~9)M5Ƹ8-بs6\r-q{\"-|!b1^\r|1\"6(RIDȲ-٦,˧%6UDmÖU{J,%Q,Ry+14ֳhqZxlae̳CώAIڞ0[үtc%@?@/ Ga`$/A<u؀y|r=KP6VEXE>br@w1z.u61=`O@_0;3Wɓ[>ZCSq#^	x3\\3B)9{?&=iMvi\\:E)E260E!6#Kt7zLϰbt2׸{\'&sUڝKG\"-K!.Z̼LA՛Y88 Mb¨\Zd,D+4VjeAjA\neƬtA/VMÂdn/D!J[#\ZAIn\"\"\nfhK\\:<;FSUP|U;jJ\rf#vG!M \\\"}\0ы\Z6C#f2MK\0!L!ӧ9 ag,!k6XO|/K?dJ|9aS\r㒤f&wnn*\\Ngsԍ`9ṱHHz=H(ǚ1+\\-&9(z`fPmM89՟D|۸wQ6b?}XB*fu	^:bQg7zh\\xrO1eJ:|U[C\r5H7Ɵ.˓Ghjm0lx\nֻ\n1z)@=l٠;Dk,?A)$Yyݠ49{Z֧DI^G(rS){ޕ7q	\'{sqE@A=<]SKW~\\J{Ɨxk0Mѷ9=>e>\Zn|h\nc_}\rB!}&FbV.D8qu\Z)Z8QHEx:3)7?ԣ1q㈶v:dj2>;{u`*R)ٳ\ZŲ`>;#??%c@\r>4fy#7.p%)yODA>jTYϿz򄡜I碮HܽA#{3Ţ֌<SZ.Plr˥ŶbEǤ!s\rZD[Ņ#1N⥣Xea\0fh	DmtVb3?o;	~9A_KoyT}w\\p|4Ip`\\x-.ݽI#:TQΎq&ܠy\r_qz2s1TT33JaixPLD9J1!=\'|ֈ՜>Q(w++^:@\nhJd!Sb8a!DDJyh#«oһ2&\'9u\"SїZ)&_ G_!xG\Z9t+?:X6qD\n&75M*(!\":	ɵ`ӌK\nݘPmeCyxQ@}Vf\rE5!\"sk\"G#QNpHKq2A%(,\\69@֫_j;?\"Z>l-h꫄BwWi.SEV{> mw)8r8`ɥnnN;bAqMZRz	3+)1F@roPKxp;A`\nNo!.,\"J|֋fߺ\rv/#;DJKY\'r<N̀sΏr_ҋ_&S_\r^3NC/ߣ<ާ~PL&GhCs=#ONk#nƣU_]zo3*$ֱ$>Zg~tdk6-˱Q]O):2衙#Yٌ;b-\\a_&kǄ2$\"dA:*j>Nh)a~@53C(ctu^_%ݾC-zq[N(Q3\\\0yA<?Wr`50pc-5\"p}u3j^b<k:CiFy>%1>1;<EĻ-7߼Y,X}\n3|AZv\n;:&}fE7ظg|,PT,!Ż|\n> ~\'޿ͬqQ;\0\Zst)\Zi\\S \'nGd;y)f:k*Zhmh]$0h[DˤZLYiPInA	eo!X{ji	Tm\Z\\×C\nަ{q%k(\nn}!0DH9= }2\'&ӓٴ?$/N@E%Z{g,Bhu9s6rAfxaEaLM]2F*ɻģnĭ׮AzNo#tZD ,ˋ\'&nJJ\0PԄDQ4	`\Z	Bct0S<*,ϐa\Zч_(QO\Z2^ê>UUNPAh[Dիkx&l]5ct@SzFbEZ/\"14%%󺠜\'\0\"5ApRjs\Zzf8J%,\r{i^)ώ;!U?BLiP\nW՟A\\y+3oj1-Oq2QxO$΀Sno3]b:\ZjW39IAc}\ZArl|.A٣8E߱#A8Ф4)2X՘ppmJa19v$Bi+2rU<z|ͪ-1zgp!{OY\r7֍/_r!%\']?q8>7^/4*b0:jAHs0֡edx-@eDi!^X#LSə#!|Kϣv$L7Z2[,sd6ByR?fKZH[(|Y\"5,?)k8+:*tWӌ(v5_{KzBCOc%\'o*b<\"Qɜ߁rU5X]KO35}jOt	k@˚@̑DZTpDоX`kh`\"/(ȬR՟N\\h30:ޣSdͽ?)b*\"_#|Lcpz5\0M|A!ޝWquP?ۤ<	-]HQLgѺNwn˚.p7MMI:9rN]ݔ>9\\uERXX)JI`{4gX?C	^)?aezg.p!0r`e 1>X%a7\\sz8cILY_G9{O.!Dd\rsK89{$hjFMgYAcL)|g5*P=+&1x@v,X\n2D\n/5l\'-dƵ~T3SFC.G^BcNPr0!u&x3nΉŒHŌz:\"nIeNgeA9A\')8tpcNژr$b|ïBA<K\"5TX.Ƥ.A?O:>ncMJsɊkAܢ^\rMbcZe	\"эCbZAu68\0knmI6v!?x@96PC1GW\"=d%\"^T{4p+y>{^pm6MSP4\r G\"뽆Q(ZAj1D=H^R[zĢb7._gT;&QdV>&wq␫B(-{ԶF\n\'JD ;}٣Ǹ6[01_A(W	Wrtә91N^piO.?s_\"\ZxS!yp5\rXkgV`k5!: (PJ8J*u\0l\"9RKN(= 0Xq}=%	a7aT\\<_qډ`<FOH{]z8OcnCk=dR f?\Zsak&w#/	b\ng$AYP64Sjo!|\"MK~΍;)bv	a\nbS,\nYM8\'^,+\n=`$RyTG\rZkZ7@9tocݝVC#\\Uh%J+Y6y] /D.O5\"3jC&>jq:]D/(VkJFw:Btu\'S[mB9W@oE~a0\r,p}}͜U	lT.f/ɺ1Ll]{)W}|mq)AE!lHuV3()^P\\PXfQs&8=3g|ݧ<9_eZ0k*E_ypDC\"\\AuXSiXkQڐ&-E1 eT&R,GyMQ|MwͰA9]bd^arG#TMu)\'\"dVJtk7p)\nq QAڦ M\"m)G{[/`R+}8aYJ\"F\'Ӈ,MHO?|;>b}ñya\r18T	mI38ཷl?u ɐqF5LzHUS\"DImBK.(3PnuHR7\n[(t&	\"luI]%9QQ:g4N`U)qϐo?GDskk\'=kZ Oj{:[H77ܰ%ۧQ`xc\"<FA8pQ)5jO\\=FXY3?G#b}kliq) iGP1fF/<!_;f>	~27ɷ2y:<$J\Zv|tH12&˄Ǭ_EߤQN{d@wɷ_t\nffZY\'O}8 gGoQ\'\'6j9uÊRLVjk\0lNfrIPي:c%A	Bz:VݟŗCO2a~Zuio\\e[lz+/3~5c.]J\"t1drG<a DD\ZgSPA:bKz1|JyGo!\'LG	`c(ɧ\'fd[GHpsX{ReIm,GkM,N-µarDueOKH,\',/\ntKoui_&h!)Ff m/ex3E:4?î>+kt7,.Ι4x[\rd fW`{\r5!@7b0{2\'a3a)\"^|u^\\56_@wQN\'yòZټ3+=O7#NE^/,O5BS0DqE`Ų{\"H:E\ri0lANbnъq\\	::[b>+#tK۽g~Ϡ%Ђf9#\'x1-6Siۓs0#p=iMCx4MC1e],i	`@\0actҁr~GGfAvėacC~><\'_:x|eqٹ2ph2ަs\rӏѽmS\\|\\ ulČb%G	Asv~O<>fsVR\ZM$\nGS{<fF<Ő~܆CcGс Q,ɊS̢`kx(۠;)B	Tz:ZoEKbCscbTb?nUDcU1#iFsr{})b!~rSm=7Rj%@,P%ʲ1>`Cq\'<=?}_{R^T~Fx6TRdDbsc@ԕ4%):$~eY1aϩ#\\$hGm]ئg.ʂwn%\Z4\rfZHB\\9$p C\\F\"tlչc1D[:9Rf>~>>V\"PB!6B}~@SΑ\rh\nAjz:\ZO?\Z~Ųjme)ϾqNu?\nӜ<f99-%2Av;d9#;8hl58I^p>.xrp5bJg*<6fc ;Tt,2DۻN\rqw$qPhHw`6[ J4CjЉĨߥ,\rˮdx\\ 3ɮ^|J}~vMڸj\nBł PQUH)qQw3\n?9#GأAydk@J~Ӝ=U5! PQ=PBzkf&gF,%G7 #sS][Щ<Ȣam	:RlC!;o~\"\'!8\0%\"\rphHIPG&\n@PD)C#T*jrN|-|cK84jnXAKt EBlxYN)~9<~<)j<=#˧`tj=>\\NIkkpr[ȠO;:a|o]&Edy|>$i	\"g!IVuji͂)0`jV`☠x$NŐX=951~Y$̎?kZ# =\ZaO\"[-g{nBaq\r}{$3Ƈab66W}ba8&.$ĢZΈ:n./X2<>q$\'V^IBa]CW<9zx#]	5~D,;уXёCcw0IQW\"|a#o<Dq/\"Mx\rDlAA^΋zD\Zt`zxl\\5vMAO\'LONӘXތݻ-Y(W>04B*tCKK$qHHBȟ{%JBirDq@vX\Z ;F\0\"}Ln	=)R-L1\'\"|		 >{#O?bz8]eڝ65ȡ*^|.7}W89_	!)+|Ymś_~>o?BO-6d{^yMqIv	3߼NMD$%I#Hئf~0$v4.ZGMy![OOAgt7qSYj%|Q>H[Ɔf)\ZBLYR̎?&?}B9c6^2^y>ln5unZ	:t$H=/{W.a9OxtDN.ʨ[H7v	6#dm0MD{1b9\"\r4IjI]\'(N	┰G]At6Q\"G7#DCj~x^b*V`KB9~/!ECp>[:%d\Z{/!!5%D)\"\"MD?O)B9H$\"㣜0dSY\"uFdDZnÌ0@-Q%\n	N\"}MPeAQcIe-ߧMP.\":ZwRB-i!F\ndklQ \\>NqEE9ߣGS{Ӓb9\'N9邰!Mcd1G|ARʱ=Ɍ	s81ίOy{OiZf!l-nܼ+Ѯ8*#5db}0(,۽۬εO\09pD]t._%dO{,x,lI]Ts˵#4$y>!mw\Zs	BD5;_%޾1;pBkiJEB44J[k(K@$>AWnu7HZ\ZI22R刖Sda:;$DU	L	ㄨ;@9ʱ=mcȧ %-rLqu;J~-N\'!AhѰ̙1]h#\0Z/ۈtzQ]!@\no؁|ua3-(vCk{=0f\0SOOh[kOg, 	q55y9˓4=Bќf\ZDRzS60\'\rqG\rnGfn1yMDE:/#-,N0!wْlf|6gzIlNwkf|l(¤䔯~W:Z k%UQ3Oxڥ#\n%輴N{e2,mC!?ztID~N9m(\' B\05aw\r7QWN!5.Л}Əf+/rY,(mƖ%9YRNO)+t2?t#a6>\'ZLĤWvy1.pqfÆ4\Z\nYt\0ZW-e5!_rtѝ+1͌FF	==B$1Jo\r%#u*&vtNy1:޸ڻ\ZQ;t\"?7$[,\')jH5x3Ь.a\nC0	l S_ķסgoſ{D@-iB^@\\Qi[dߠ9\"3=1l[6+ԀH)5ئVEx@[KL<!CyN\rD4ODF;cR!y̸:m+8gpAlx\'J^D̗pm|M9:kjss6b(Ó9vV<w/RUay?]n)´XN1M#ٔOOa cC^ #%@OS?Dm6FO>Jj\n攍:,Uq\\4uD1ʲ`S0HE,\"Ƨ<d̝~ьD3ӌr|0Bf\ri*}9D!ZxlcbcN(yL斵Q(UVR#|)(aQ%^ݎIo!s\"HEB0\n0&XGz500.+ӫ{f!1lȻeAqqF5*Moc\rk<,l#,L*h\rAYCTfK(ΗA!\"@}Lf)N3Ӕݔ팵Z!4\n%KgG<y!)$%yPNt$6JDϣw=\0{qLְbBrUк\n~52\\PF%[T3\"\nt6_bbe|J:࣏j3d`i 	Y\n96^WH#ȏ~@VIOhb1LIkcMZwnR|mR.	zs{謋񈠵Ztz	G4X+r:-0f3%_s;\Z5@cW71˷XlxAj>g<iw\"\'l^y99a	)c,J\\JۭhFT8b\Z/-^\Z%DT˚D6>>\"Jʲ9T1+g(	T_X%e4Pjofޫ,&O0ƙojWJyNFZA?Þ_\"`\r%EAQ,qRDx$K d\n?_9D\"_\"A>{G%BA߆S\Z_h|ڰ>qOIʧR2a@;Lk}PC|7%UUb>|IpZ _K9-Ox~Of\r*$E2M\Z_\Z>>*H3=|I\r4u ʋx/|5yvAHQ$:?lFFߢ=o.opF|ox^6ko4bH䲦8yF9`P[l)XNň(\nZ	Jivb̖dQOBWؽg~ΣrhkM,[Z]ٰ<\'\"dW0HQ/ja}~gO/(fs6.ۯ=.=}/McQ@ hJ#c6ZjO5nϱ6Ac\nѮr\r%z%	8wLl/I<C}~MIY_<av\r(ՓBBLZ]t`A\ZJADj鐳iF4nCzDP!G/z?yo_EwW>shQnw*:2|a\Zݦwi;/Q0?]ٽt_8{!3PNas<.D\\CZKuH pRR7~ݟкj@\nR-x-TOygj2?; <6	8}j0nWpA#Mk\ZA9*MuHcǔja{p<Fv\0.`IT^LH2fx@X:knSO1ɕm=)\nPMvPVIݠI7lcW,i_ݧhafh(b>3+&\'ܾNB52;xB>E:f9> K5ⴋYNP,4\r6\'9*UW-kScF)	n 2xFm\rM,P}M6+aV5Wߤ.sْp*1	MBW	>\"u@܏i?[T	S\\Bg\\\\̸H.\\qTrmp~\n<E\'\nV(I56((FLj*\n}urvr7[k\"1g\\*)\"L0cC\n#&.pSWck\rVz3?IOMBX[\\p~>ɢ+Jm\0mjHqMc(-=Ođ L\Zptըnbu8GK$Naq7.޹IsԖӫ0Rg= { (C\'\Z7oZѳIgw-C:]#ЁgqqNA`\"jqӇ<xu^_K@*HX6c[I50!n3n{l ꄐY\ZS`#zݫy/Ks.2y3\r,Us\\}LSp\n[K?v4i~W7_VMSΰUAJR:cN`xG1jMՎ]`ǈه01)`O\0߁=F=!0Bt\0g`\\}\r4eI[\'ie!;6n$H܇`\n&@4`Kڲ*KvϠ>\ra[MqMVMI~pcpY>&lH/AؿJ!;=,}AD3r@-gh!e),acf5z^q1)>.Z4NQK	A!qD!w 9;%t\'{ߣ<]&],%HID/h=++WD$eC\Z OEY!#-Vw@At@sR.Np~rQqŧg/v9r:9IqgKOjUK(VEAJvĊpF᭡sFP\n-Zm=ZލK_?{\r\Z`<lfx[!9ٷ&$냄%_юhrS9m%,gqyw\0\0_!{xS\"D`>V|	%\n-0k0=\'T*eQ<\n.4^=fH+恥q)ñ75*@mXQj	\ZGge:\rN?xt9\"$ ա>xϓ`W\rI<hA`i@^^c	8bݺz,N0ߣ|{5\\ נ\ZHw8FD1*RaI&4#49D艷ak#B3(u3[:cؼ\Zi̎0A5W؅!CcJ-	21ӕ{OE|e%R&^-b4<xHq:ژPǆdBһrmVk<u@+k#Ui8DлezDqo7^n9jv?t=Goi0ajZ-IVAi<^ʲ{A\r	*KD4p5hVA\Zwy/y\'Qa4CH\ZoWLkr05@CFïp|{=%q%N\n|v;<LNH6jbpmM@6ђ\'1އ!g7DՕw\r\"	A*%1>8\"$ 2ly4~{ˬ]}v\'CkN	2ΐ\"	151Z+p#d_7$kbrc$G)Pj]:,H`?/m}sl$~+2+7ѭlxV][JQ+(!JmPq\n:J*9T5fXA6<>1uwAmQ%;SSO,jXVX]Jr!	׷/)gsbNcb=xL9WZ |/}f}jFф}lB)DWa\0, tIp343l}z/ah|\n0_P=aN@Vr-g>3(2p-E\'uE ib5ؓR6_g/M5&YoLhS\'m.c5hOU\0(m_f<9Jo6oY\nDg$T*Iyǳpa!}&#V\'t|6:rXp0^e\0\ZNxPP\Zе%]{\n,3TiÁ0$0\0 @\n((1\0RR\0B\r\0tL7wuyޜ<y.vt)^T_̛<>#W!#{߿ϴNo4O\Z΍z\")2L6cQ>\"#8S@-iwFo	b81>3`FbMuӮq?&|NxǿAh9xo8!F\ZZG3hG1:#߅Wzтj!aԐ\Z9c[Ђ),\nFecux	c\r=3>9!Q$+t16Ƿ\rAɮiڣ9۪+\'Dvt]GzXRT!UZ\0U=~m8.4\"`$ݸo}%ɠP̡[h\"Ki`:\nzln\\K2.\\$IoB6|KL[b_U]onKh	S]s=\\HRY[.d]>% 8sϰ	oX^	k\ZAl䇏`~нunPd`>;aS:d:EGh)\n\"*Ōzy6\'?|@4	!?> <q!\"w2ݻ$*ɤ\r*ӨdªЮ	ڒ1$L+ A_4!ЭZ 1k@#o}vq+ ]}f_e6Ҋ.-tIDlQ!E\niAw0[$1y9œSK\\Eo$f9dW.B`-7kD)\'@ULSr(ΰ#܀$Bzxa%;r=`|&)`u!pxI]D}p`,z4aB{\'xQҽ\0>=AG;ߣk=%tkg̿D{D3kY76~lp+鏟G5T\"w{xWXWYz{[S@c!IvY+]6P$>цlS_\'_p\0L!*`Sf{{(Iٽ\"eUr%\rbAC\n\ne\"ۖ45mMm	{7z/l\\[$Yٛ\0UQ#T1O@R|/gݒ6ijE{RHGVVZA\\/@WVhcw_^0	&B=!cޘ̿NuZnǉo^Ǿv@<85pص@.m#>g[	BhiI-O#\r\0wdkJwi-u%YQ()1k-A\ZXs@k%BS5{:ILimi\ZCZh\rP ADSE͌	}@$W\Z#	b	BIʺ@X !@4j!VMC,_!IEDI|ςoqq}L\\bZ4aob AH1X4oncVP1)}lGOk=t9yfE\Z:`q{֬jY~}>5·}\0\\>|z5ǵl<`t~VʆzzG!0	r	:qz?+P}	\rxAYFt?}R-%uݛV9N\'MT!,(px2@xrW^*gShȥnXQB\n\rZ[!c	\\_|:		ieFWQ:6¥0\'	dh!\nk/Q \r\0).UY[uUD7ؽ>>w-9uAsAuwRj1EBq\Zx)hdg!u\'GpN!岤m=*TGY	A=|6^,;g\Z?;:	Zc@1NҢ-l#ekg? `&<70O[#jTP!jpFK̑*A]\Z\\\nL*@.͛5Y A\ZO(w\'bʴ)i#E38-#ulGl<ԁ\r710<sÿƻay:\\\0-:ᥤ-u^vESN\Zԫ@.%>sPmh~D	AFcA`%@MVd|ޢj]!FI4y8\r\"!c$n~9D98c:AHx±AD-JhhD\"q&Xs|K,2!\'#{)n5E2U+E\0BDWBK2fe\ZojH4x\0Zd*(T	Dj%bc /\n6\"LniVC@p%IhZ%aUa9G+yėk&m+iN4hR>ٜt8ePSX-(gl/f=ۯQ-HAL\\ch?%	Gg0A(%PqpD6ǻeCc취O~	?AE|p3G{T\Zf(µ@)\rw)f]klS<e{OɟNN2|~~=`{ꩧѳ4J`(N%.oi֝6L\r Vrm֋n6F#XC\ZF4yCyo#W_>\"@)P\"hCaJFb;=w6\nB<8?&|r,,~yBK/P-OQ~$F6-p\0ixs(,%C\n53E>b<Ͳa\n,`WS`4fs?O1%TǎjJzRHpLy7=|}N/4FAadp9XQ(`P|(nK|2$Ú^!Fgh#ڠԑŝ1\rG+ٹ!HO8#>Yx&+p\rr0njmAT\nH_65By\\$)D.4#dQbT`:o{ls59Mdo\nu&$cON.bW?@2F+O%m*DW`Bz9*vuT|b/&d0P:@)Bo A̩>o?wmR>]}K=LrA kx0CD#W`=5Sl%P.KCm?bon\\aGwcGƒ0T\'3yA\ZJ0;LmB\nD:@>~	p\r81Fne\n=kSd>g6\'zJh1`6j?Gl^c-,`XK2,_c#/?sAoמGw8xY6!k*d]!G\06(%p3{[aVL([\r*h4daNe$ 0&z2׾IN^\",NcT|!둝A:\'t	$/\"/:Ƹ&\Z,(h#5l~S;Î -v غolSzpEM+j8|EȑX(CgCU_lhT&M\0 <wrh,\rl{ڌI.]0C/DQBz^!!\"W?ŕktO{l2z|g*cS|c握.޵OZam,b[xI!|0̱a	G]p%2xa/T4+-st4{Kq|Jy\nFP- ?b[J0Y kV+H7{.^Cn=r|+kD\"CWUDO6| m})GA{	/о-mҋ{ya`;lΏy<wu6zkv_$DD;Elx\ZGG8ђ8B<#u~.tk@:C3@KJj ]\\{T	?	חL>>s)4]uo>L6¾_>[1j0&_Pɖ!b!߯q_Be+_&=3&aE 5s>\0a79.J\\,0A!NJiMSӚlkAr[ ZT\'0h`8B\n{Ȇغ@E	\"S>\rփKOQ\Zᖴ=Lׅ&!D/B0?yp!lAC83V\']vYIy\\DRTX&/7<::o5ӧ2s}R	#@i0@nM@$a4	qMl8>\"?9DXK0\"]՚))\'OO+;BAv!ٯ| +ID-\"rH @)@gCIp0ϣߵH3{[<+l!5E:Gw`\Z}X Y8~|>d]\0)BRt\Z\Zi\nO]#I%0BM& j[}{\ZO`C\'ٺF2 Gi	D	j{G1;Ū>	qݡ8>Y9UՉBK8c\ZndS:6K pQP!^v<@f9L᧊~I.nRR.H uk[8j7Ը\n{Tb|rz#mP2DDC9:gN\0AܾWAm@{.\0o#Kh9P?)	\"=d\0p`.=n[791ģ%bĶgsX+iO5mi!<NX|lQ\"	ӳ9	݊UQ ksVOiR(6&Cg,`*bAuz{_q;}\rA5PwSK >(F\'<EМ*X:E@ <Gq8m9MSV/?[WҜ9>`Y=E\' m#d]MjkN;MtB@&hN-YOamөCւtEkkڥ%E0>G+L\n1Wp	PhOPѨ8o\"p,;8P4E6;MkK^c;N+%?3#<r2$\rhiM0i*\'8	{1g_)\Z{9Y>uqDx;GwH.pq~	w9m0ᏉFu]!eSd4F(A0FGF2k\\q)WUEpu+)RAO∰?@*uH	*FFXp_KtW\rW>B$v\"5;T@@[Z9XD(f??xz4M\\B%74[6kʣ#Vl%!rtn\'\r5P9[C4\rBoa\r?G:q;8bŰykQ\'\Z\n0?Fړ	5ʩϰ)[ߤb1m񐠕8#}y\Z\0}\ZE$.\0^t t\na\"%iBes\"D\'`Jʵe]	DiuHx.0=:_o>4sˈ0BV	lB`JCST\rfS6>vYuwmwv(+hg3cGЦyw?<$pj1Ŵl+E	4KQA̎	+g$ZԴ1UF<G5\\QS-K\r(z0@]Savism:A\Z9F -LY`6ϐTiS6Hr:wh!2H m\"U.n%v`Day3MKeJ,K\0P٭Pt`\0ZJtDA]<w~\'!2`4%uY?\"ML뚇l\nf݉_eFgQG{3!\'^Z!}ҝ%-머Ôsh.3u\'o. ͔Z0)uGRGE$Ƈpo0♤nՂ%J8TKG$ye	&LSARy-]dPa9\Z[azB%dWq2W+<=ԋ!x;jk!NQeiGxPa0pN\nz6tEDgƘ=݇HWlI \Z1ڡyE[8Q\"\'Y\nSMTO}tRlOXǰi\Z7B_AoN:0\r[ -j]$^CΊm[ox>K:x=$nM7ɮ^F$ۘ@!*Nux!}\rΛg>s6Ӗ.vj:Cd\ZU(}~p:ƉpcB[P$/ԇ[.a=-|I9%:K8:U04+΄AG\r󯯿__=qc|p^@UOayo	\nAxi޺\0]-Dr1-psh+`ٗGߠJ@)Qt	k!\Z\0S&6˷<\'3QC$=Wyr%H|e1TzO(\\aq	E \0K5^A)	W\"}K><w6Qcc)K\ZCl\r\nZAVhli3>\r4$;a#IoS2t\rWV	n9C\Zq`&yxgSED klGp:{uxHre+Mm~v{p<dJ!a	.]c]2>Cv]6S[4rqDS/\naaon wUDgۿę>Ť@#u2DS09wPpjiN	{cǈ5ĉF{C(dVh[T(i@9A,fj9+\r&8 I\\}\'{ErW(k!\'6Aㄣj;b\\UR}#A<bw*ŏz\0u=dYα\'`#T@1o0U`N9;e{_᫒D_&?p&ǋJ\"t=.~8\0-=DOV9*JBpD;T5*S;O:| i48Rx籑m<F*Ѭ |F\Z4M$\n##\\2-tBm&xQQX\"*xp^q<6b!51ȭ7hOkOP	zǵ-luH \Zlg\rR\nfRJ\r	#{Aomo`V.0;?{ʒJF!gߠ%w>Oq.ąc\nxS#t()w	隮gkSU\rɖ&\nF\Zp\\85	8gdpdi+H7Ԣi<m	%n LX,6:L8	mb|7eo-:-i\Zp_0+xtg>=!g.Ad)2@=(>35YK\Z0koC!<%\Z9d	=k[u`%D}A2	0\Za@԰Z|KA !$M#$d+j.{@NKEE[X	ySg?ŴxƘbJԡ\'ZFqh%}3#\"$HwGЏHDJObtu9oA<&< %NįW0sא/½0m cd3C.:u}%xSwGM\'FxU#pxdw\n$^g bfOSsmOi6Qi6c|{^EF}DuNB}\n*DEHj\'=u?Cs4 \Z(!ښD=O@D$IB}ʉ\"63iM퀱`z\"A6Ṉ\'z\'c|X;]lmUR-45	À3Ѿc}LxD\n;0d89pP!C\\1ï<H-a9\"\n7QE/k\\ )X13;;3ۃ拻现+G\"&X{p0W,wX<ٴۮ5(<6eK]y4칶%	jIteq%+\\ci[C=qZ`z-&f\'[r(H>	\"EK.7Z9q\"|=hTH\"$<MXF(\0gTbwn|U[#BmoU3q_	]0xt3O`n~\Zzg**Fh$J x!Nt\Zl\rڀx!N\\?x9Ǭ܌0jE2\"J/#-d=!{\0B,.6G\Z!?`?q뵔~X椗4{3zkaKcXfPZ\'h\0qPz)%m^!SCCS@q@`\0m~ds!umzVZڦX(3ڢ\"c6TH/4Ӵ9=q0,c0k\n*;p(\'B\\;B0EGS=\\xiEԊ+[Pk\Zi?Qt#IA7|&zw8(]?<bGD$I:	\0obmK(innce3:CoN{@!E9TlP=ΡtwrDS_`T@7D!:%ܽL\r}x\rt	ph2=|[Ȩ <@(=1Hv^e8#c_}Wpg^FREqIaLj)(4|^>2Ɉx]a\r^왚h]ߥ8}m{4\ZQڭ.f0CœI nӾ8}>Z_k̐\0eXO%֗ԏ\n( IZ_!KA$mZZ&G1ԇ΍{2AEښju1Y/Hqgnh_8sc]5叡\0aN @K~(N 6,^.5\n\'п>x}DzZ[WKѫN)t&{vNC9Jֳ5IBt1WcM>(^OzL+0| @KO~D.=2A_ܗ_d7&wK]E}IPxtߡ5B%=znstiÐZ^Y=\ZmA&	΍/_x@p!q\ZMG?F;:K\"Ex\0?@A\'|]&{UpWgYX=?\\,ￋ-N%,4/GD^X=l}3|+7Ҍ`TUC`ؼ6dr3Lm|E]{\r:P*0jN9%\"Hv?z-O6iyMO`ܢ\"ˊ*݋=|	=X)5&؍M P!r6%nPn~Ů$,眞`k8a\Zh%R!R9^%=a빛CS<#9!: or+HB,ָٷk;\n\":KD;@lߤ8ʙ6\r\\zi0ĔPs=[SuPL%8B,̓5Juzm뷍^x-x;[jR:ͿK\\/?Кfqɧ\r*D O{kEȰ0A\')Rx%Hwl^k),C&\\}J8Fc՗.^3|3GrJqCIz?,pvdc@!|OޤCwceFy	aAlL|7/[S`˟AE\nNevҰ`CFcI2<ev-/}_eb9_&wd@;Q|il~+~_kG2:!\\@EPM[QC:`3<F(\\DcIpe&S1QIOԊhC#[5^JIqpHRKmI5J1k;,{F!k,\"n7!LEQগ=@=a<^ h>>@=m<i@>G%+0M=iji2VC$`}ϓj]#TbaiIH]4vD0t:x°yn|3g	)6_P?6Bx)[j\rXg:@^D4ua!BΝ7.p$LvG!rUs/%\"ԸiS\\o\\wٶ<E0KNB>~U]x.M`/G~u,*@I}t|Ѷa/c{9Z\nՂ2=8`:m)LƢ.8|rzKF^08˷Ny,_yL12YC<#Gb	\Z)NZC-({#A$Y?!J#ꢡ,*gպg@ݺnk\ruaq8j%HD-G6\Zb|DS#F> BdbJPOGG8%TM&(P8!Z+\ZTXo	È?@mPyK)KNK;f\nv`\n\'<4qo#K+ؼ@=Vpꉣױڱo(\nXaQa蜆_RMھNZ8ag]aW\rV\ZړAqݩ.Ch-xDy+?K9-״\n:^nwXkA.Yݰ\Z\Zִmw5)ZPW%<aG!\"Hxt~cǨH\r=GO`\">L9^ C\"t҃ ,v~QYrgqƠӰ;__C{FBx53	{qzߒg7/WKcD)4eK1|r|\":Ѹ\0gKT:bp,գa57.\'gkN`q(gO`k3uzb!	\'q-Ŕ0JuzJk/xP$SnpG!΄{	?bGln ):Fy]Rg8If*%^X֫*Y-j_G.K|sn#Gނ\0wWs?/`\n4s=Ap\"!ɋcw@|}W/FXҴ-$4UQ@h0Y5mYcN\rJHz14;KF\ZRY.WxOaѬTZ۱½N\noJ5\nOc@w>zg-1vviX#$?z#w/uysJn\"&P	E7VTa<fŲkfGئ e}?b+[o`>M[#֫9x¥^&bdӹuIe᫜8Ѥ$тlnrJUF!>07H\0Լm~M=_B+)6GE	\rz|6\'wnqtsrU>uK8Pl t6;!y4)A桿G  CwQ\'J z)=$KI0\'Y8a%%׸\Z:zWV+c\\!4Zam\Z2	Ddc@\Z֫)o|!̧;.Y*]\"g8q;=<xA?En NDn\'k_s	\'?\0 ?`7kuS.}!9G$2Tc%Jw`qzR<uA38y5(Zsg\ZJ\rRwY\"\0Lxĳus5\nij1f\nw1YQBe6>6wU*Lz;瘌IJ <2EXMq폰RӖ!!Fk՚ނg%8#?eSF=GoyrٍQnĢG\'kΏTEM}R{cDӆ\Z!{g{4ecH>a?(\0LOH<rU0Z LĭGlC@Xkd4\ZcZ2`l	hOH\')$f\nkE%zJⴤj<XG:HDwԞ :+_Pg`L6)Z IlkPt[T6^eWضϩ+iQ0I6\\R.fEF?\"{ 9OS7Ծ	Ƀf.n^\0Qt9O`\Z[W\nv)Q`P-KĴG._I>czR5K	>P0o$6Ĵ %QDA5cVONN;yR\r,?\\+Gx밦YA;=x:%B}:/B n\'\ZQͩʺ9U]c]PǴAMl:t\n7-\'~*lYق.>=!B!()\'Wt:{o*;MwӇvGWl}_z\'r9g],,`L]/{)EP[ɆCΞ?;dUa\rжƶvn4aQ,{ADyޯ=\'_BeC\\{Ӕ\'hMb\rwq!DA,)<b:+	D4jՠC̃K=&H|9d4a:$P((*\":MYM	v&1vno<$\r:bk9l/j8$8-	2a-avWXiy`49p7kF#A\nUx!cBy.i@\\;AOzzx.pu SyP;z	((ΰǊ.{KN?c]l^VNQTL\ngk;@\Zw,idjhF)2/lP30i%BCB8<Ede\rIM dE90N(xЊg	,)gRdE|\n^s\'v>P/\0k<guGO;xmʀ08ac3#\rCg0clоD*Ax]`~0{;䣯%M\"h	M!9,Q)fU;j(r_G.Ж+(\ráa|A)ha/@:-z\\f`jØh;,kɊ T6.DR0(2RFlJMH\ZD~D[{(q-\" E hPYI:Qˢ$\"ޠ	GY91`kK Ph4Ec,u h%k[yMQ|-s/#6.tN(a	|!|9$-\\\'g9Xᇿ>gwc>ӒjVP5\rPU9Z`!N@`WD6aĬ5.DaR9N<ǿcֶ+m),\\GMƀWWh)\\6]T!:@!cm=l3C\n\rӖ3#9FThdH5xA\ZjIl\"W8=>z5\'Ws|VԪ\r<AhyuHdd@OƜsa.au}\nr)~C/\n_Dm\"SnńX~jZVMe+	ZCo0 #\"2ۚl<G{̗5[[l3Zc(9mi\Z^TVq\'E2<|#>g%E3oV#\"܀`{_:̩gv^{*B~c\n>AOb\ZtEǈPz#D<ܷ?\0P3&R(ۂhA`qP7/(MmUǷzZP\nd@!yYC\ZUz:ŬW4uMsy>`tk6e#\\j}YW pK/|瑜`Gq[P[\ra	YK%{1˖D,ͷRh+Gz%T@l?ɾѕ]vԥ@fgp֔[l㻉*F[Xۀ	[q#V)E6\ZT gxH0Jtp\ZU,I_ы]^\'EvA~(p #;3l,@T3x%bT?]#__@n}YOoQ/1ŒvH=0\rB\'Գ%Y$=SjIF[$B:|EQִ&ʶؽY=}BiJ/(EFC4ϺL!qy=b[? 6ytWInP)[-L}7M-=5b;C\ny+>$Q@sXkGvI=<#9DG9Q{h}8 ۥt Ү$,AyR4Wx%iB2p>6W\Z[Q?&DL\rRXPFk85úDqMP+C7Nг%wwԿr{pCy)o߂T{\n6c dgsA\nFdm~D8H();G#ӌE\0#Ea\"j@פi`|9^Y/Jjar;ܻԫSNHdӾ?	.rZi4V	tЖ5q(QR=ܿ݅p\0!F8$O(1)^(6]X\ZmP8iEYDH\Zr^o#}$.	pAlB0<eiL7ZA##Qr@h>+3}~%qA5 ʁ0ra	O=G;|	Uѭ#.\ZE$U_ uB{@YLAhnPQq\0ApԈqԃ\0O9,$(%`iPD8xh\rjAU7Hۢd!wF\ZT_bt9er[[_?\rtk4*m׌V5wG\nYWa}RK7~c~/?\\C]Ћ.<E\\)[>^b߇ۿG `:]<z:%6PJQ*@A20O6MUc9;B(<nGPCBx;G:l#ڧwX\n|*kFQw5\ZD!4\"D#}_Ez?F4 R.XݹO\rfqОTDʗ=e#}#<Ԃ|5C}d2=Y+ק.[\r0B\Z#%ZGxcv79)f3Ji6fôpG%bC1;ɓd#5\nT㊻=	쐝J]P/qn{l\'l>wa}B]wnfbEU~Q׈Ash<f\Z\\\"(Luxlc<!l%=>mQgHo	\'%vg՜Nx@/A76_&bt3P+ʲ@y;9JpaGmV%i[Ί?KK7/#}yKAE8dKcQGO,pՊx3E8w5\r-\"}jTDE_elb#,+h-0sx)?rr`[BlT<!L}KzP-\"apIL**cP^ئp53h^8\'5ss[[6 \'Uk|mq}lc?g?m#D\n/(2ǯ	l6HEbMh֧/UG9\Z86ÐA6͍>VOhUBA@,ۃ?x~_K/o0V %NTt]z|#cvʑ}g3kޣ>^b\0רF<ZxDޅ8H4^i}	nUBvo}C\\b\n9F$)*>g7x/-H b/\nV\'<S @f}:5s4Ŋ|)J\Z/~\n[W4m c5Ϊ!u{@\0qelNļ$ڍ0e\rG/gMK\\腒دb,wG8mh.ƗA:=ܗ0SX_?\'m2P1Z`MnxE*`M\\ 4#>I&2{6ޔ]{ضDLg[L1>־%k§l,NqVt\ZquTEckDvz$W޵OsSN.Do6Z1(GZ$QS\ZFi(@+Ǣ(X-e֒9xQ!ÚiiS\\w\neHA!Y-ZMpGo0i\'XZPP%(C:+QWVNk	~w5i`zR0A&Qn}~l\rH3dBo\\.^ђw7	G9F(<mE0A AϤPrI/KTM+lUvq(Zג0q3-sm6%i)f>?.>B̞\"nʯEp`3T/^+tˇ=A]z>^x#)WTm|e3#ݻngfE</l>ҊE %>J~µ½Kxxk:\n@\nN4Y T_b|EdkNY\"5Tvp|5!:C6Sdݵ(m&l?-NqL2D5f}HSWXK)\\pm)7S! :\nO	{4ރ7s9yZ{F[W,X[VA {uYPv]0Sj8+BcY!Vx)mbcY9g[|Yբ.\r[W{g)G~|njӂ&-f94DQa)Ao燘y+\'\ribDpZc,Pz-:B_B	?x\rQxA,pј@$HeQI-rT5E?_j)gg*֣!1B	Q  }k Rd	QB@hp2=Ņbw?-d[ظ\rG0ql!{c{I@\n[D5Y\r(\Z;k>)dJ~FdGmcC@r<Ѽ[MvWnFH-lSp5ݛOd\Z̍_?rS瑽K`-d4FFȠAYGͺCJ7s|v,EB=OqνLS[UX*Y{|>T8|lJG41~rC3\'={o@qKTeA ʆd<6Z []6eƐfغr(j *E-z\"t~\'ZWyÕ}W7\\cyӆx \"F*DD%)a*O83踳qCp;]YTwBD&\rY0&\":mxn2I.=\\W?C4ԸGP/sL^CnN{CjZ0śk+eT$	*p^)Jk14ePbUv(HFDHJQҴXƼ_ͳ;Go0BABd8cQ/ĖL]\"|yu:0xϼ.og[Ŀ6cyoR,n> {GP 	U~B:\\Ϳ?;ax2elMp¶5ZNPAwb㺓V8akm74kma|hc58 B	xɟg,XgG<_U>%Bx@cEDқtTeKcpmm*L\rB@#@!9d;kƛs\"ҰZв%v[΄1eΙ#^Tܻ-ʧBoC݈ >dtr;D!B~JE\Z-Sxa)$>(&i}@wZMX߀tq:J[/aq)z[8zb:)d>9|ra<\\b}j\"6\'m|u\r $H\"<1JSk|MUH)X<>>Y\":C4x{7/3\Zh6&@\\Fne[!rE|_0p=zNcsí*п^z단jmԷ<7x.%j|}P}F7=_\05<M-ז<xsn#ZF|3W24%R踳z׭*\0L!_(\"Tw5?v}^\"TRw65:ESY-</&GZL] kNϏPv8q(FYe,NpE\' \0#x良2`\\=tfy|GǞ6d6|.©v`@<ڈ9mV=#ɚ\r4a-TG{;\\tG\0)0u8Z9e\r\r$t~Hc8y_#OAXawFSlQ!\rڽ[6nVP.\'o/8j\r F	lghye8B\"51x_S9U~O1x@Ii\ZڶEzC\"S|gϱ@]\'GG$$9i#hVhчq GjKkqE_&ެo~Cw\'5͌`G-p\Z%\\ ~fб)5>kd0Et\ng1rڻ·B|xc7CPG1A	boݻoNΚ%>k\ZmR:i\Zss_ɛoN)%=NX2ܒThjO3/!	cYmAEAq\r%|5=tH6,\ZA{FUS_qk	%OT|eW-\\)>`9!=&087;{jbCh\0\n83E\ng)\"ZÚ\rEw 	SI})&=$(pD2HF{1|ͪ9YYNSIX\ZKx8gW>bo,828ӋdКtJWHAXA2FB+,πIM1םm0h\r6*\nPymo/XeiN7qY[&=|F)DfېJ8)>0#R(whz{w#EeqCt4es[-l;\"DM\Z#ڛW$.G;ؖ\\{Sklm0eGUJk;W.dҮw*EI\\q3D\"34n!u,n,$x-ZL[}I85kO\nE15Byc**Ŵ`p_y_>o(KLiI`+$au> ?>TL`x2?d3%H;o5V@ҏw\\{\\UH%B\"]KͰkpU-Qb]uJ<m60O7.!#O<`fTk-[y@#a \rГ/]}ZS`Ř\rtyl&\ZHz5 Q!ЁDHpuXAi`M뚦h휏$H\";򿋯nQ\"WfP>Ư!F=0{\\s 5w2ҏ޾Zq \ZCn?⿂J$\ZsK/MA\Zmmp\n<ՍWoC.sOulmfyRigk9ƶiCxYc	^)	U9m	c6AVM{p\Z8ɐx\n<Qh)ATbEI}:ji\nk7^\"US\\*FЖ;xrS{ZW0\\䳻M^bY|?8n\"d #J4yNެ	7p擼_ f8~>x0(\Z-8EzpOԛ\'@l!r-Qۊxk`r|5hE\"T0+Nɗ|KhA\"چ[{j)W%3@dCMaG?Y׬NWغ\"I5XZQFĿ|pTe<;B\rY.x:(	m\"Xbÿ^5abp%03=B02>,be6Л BH>~cBV$^>߇y)_ǝ\nǵ[5i%yL$hH-8*ml\\ڦ+_YS}(Q:)79Εe&83!u\Z[w>{`ݘ1X\':AȸKkdrLn)\"ni3S6%I!>~ү\r ŋ>}M6w^FR|UkN]Ԡ\Zgny?7g7\0@DBM$[e[ʶ\"[N*KJ\"N&Rq*;(%D(6\0\09\0Nv߭~fſA\"Y)J,wbW}f}cyC6QDnKٸHJ[r9&4>в/	6a:|g\\(\0Go2ѕa&ëtkWx/ALmf<ADPNy#eaCTK_D_gGdYʯqRL\r\'w	Fa6!AQ53)=6CJZxrOSr}sğ_۔:=Ƶq/,AUYV!Ú(\Zb\rWecF\n:&\ZW\'yKlU Dm]\Z+I.ާف lCeC@-5)p~+8q(ȧ7ȝt/؀A5\'~=$S&>rv鋈5ly(i2^Y\\] uHo{OvM{ţ\nPQO%t55ILe8)Ld{<۽ś[XC(ƚEZqP\ZJ!Giq\n/L+6/ݏGn@oj\nsh ҆\0M@m	^c}p$8fV2?a:d>=쌶=vKعI=&;;٣^CtB\Zg8kQ	&\nx_!Zz\'$Jx[ap_-S9}|FKZsrrj2a{2Ȧ{E`]M\0ӊxdEm9{4M_䝯\Z[傤$-I#j7Ԧt*P٘b9ÛA[QcO{\rOHwbA1P9MH;]T3(eg\"۸]1h\\AawqBfFoP-a2CRMjNz!Z νQj49ڗHrSl5&݀[QWKXŗ&J_\0oP:$§uۅ.Ur!}e௣ǹ/SˏXWgdcx1W<%TUSTi_t33o@]DA蟦xy$ET?~*\0*~%^ztQg^z\r!\0nc]t?+6U?&!LW܀2o_՛<&\\].=nG\\_@+$Ts\'QAH\rWE\r@_ +=Dy_GZ``8SK7PObr|D5=fr4U(\Z$.e\"\\1L.Q\'S!(llǤ\rWQ!=xrKwwop\"_s_kZq:[mTd%$Q5Xlc|$b5DqJT))r$IxrZ%!Cr}y)1o>FmuGOG@@rpz I y^TtXP\"mX!Y9~y<晙bItpVcDιl3:a|B^<@cPa9<\n8WXPdTqXx;0>&xj`j<ΗP/R t\ZfXZT?\rVeY6EU$R;b6s/ITd%A	:k,o%	DҢsܱWEyaؕ.ʫKh7F&e	7nO!X6H9?o:>`2VjukKl>ATwZA\n\',^	Lv3z\'P1ujRL1[:tƉ7}ag m!Gc+Db3OQ(N\'QtIadNZkB4P_˷~A4r\'g3PD$IJԔyb<EJIFuB\\I@E4\'|N5$qjǴZ	8AT8^)KIqC\nRQA\Z_<n2rkX_xkdF #%DxiQwS&-ʭW\rcVHQZ7ukb<Apy\nk68_Q%h&㨭*{9˧vQ9BvwPzPBf&+7\ZX#DW(eS<x&D1:5@$lNx_qtr󚋶6^QӁvPGq#+in*!DEgٗI\"t[s(uvG_}\'Q6|\ZD5-K]*MfMAxPWYv.\'TeJEP=j\"(GA/WxQY2`:\'BTҶ$\"Gh+du1gLiSx?`5>%?qLV3Ŋe<|I\'iP!H\'J\0SW)Zb+K\"z-T+BXCQUTeN(fq6ƕ9i\'V#^ܻJBt.b\"bx\ZcW\"[;пU@2wQUS>ҕH-`e|7=@\n)!<\rwQ!\nшYxP:frMΟf@^*O	+ND[I%ʑ\r]ƨ0$?;;/6t2G-tW\0m34Bil/3|Kw9}]5آ?GMG\nIX1eY.=8:|WS1:lyu\Z)bl}\n7h_G[xFDbYPMĝ__S,QÜN<sG:{҅ZbsC9T\':u|&\\A:KkDnث7XU֔fT*E:ǣH{]\nDzBj@-^JϖԈyN\'\ri%٬&<	cV[V,+0଎;@gm?wNX,88:Ay:Q\'4iKUU#rl ӄd iTuuQRt{dJj-jl􀢽/87ߥsg#<b3_Dm|D2R!\n;{+&}vCl니&.x)5y~LOZ<u9y>Zh*EdܡJ<0TEJ\"TJ\njS2rm޿u>vS@\Zg	o=&5I#u/`wݵd{/1|SP{\"c]zF<aK\'HF k8:!Mo	l\'Ofy}eɘqZb@<ӷSKBPV\'r1^ :˰O,A\0GȰW?uت5M(*I||FX^RM;10!aLYh+z<26Ģ$ABQ8zqrvlIM)vtǿ\'?YLDA(+OMia`|%[	IHZh!p6\"+JΒc)Q3&s~|Bq6Bk^Vv4a*PWE	\nLFSʨ@@{di_B`5>KTޞ cd` 6 n&r~4ePjΠg^W5\njʦ4[f^֍:AmncSxlG:O\r	{/V(\"4=idO&S6M2!#\"?G~~{2C\\$LCl۠!:Y$W)*O^T)Rz$Rh C(Pq3(egT)uvNo]rI0}Hf~ݥܝS\ro`EĐ`p\ZT\0`0s{/cNｍP1R/a5˙\"&\r	+Bz\n\0$P!eEjV6Z}%Pxz|5%	ڔ}(;@#/-)3+FHycd#pdV&uIzS`9ĝaK1_NBAkkvc(2{dk$n9a|p|<ONfX]_?xR}+x)qxʣ&¸sD>W4Y`AB;ХOE3M#l(ku,f,ˌUdQE ̛ɻ9; *K0+O:=Դ#O1\'ɗG\"}jM%ROj[!\r\\]\r$_#8byˬL	d_#2d8Ew	Cm\">f9uuBYbLoĘUB5]G1^YfkhBzz2DyXI$!Uh嶬CIJ UD4lCt;>~\nZ=ImWC,A޻_yvg1P$H{lGh\rvm\"${C.Yos>bYUFZA8BbN>]mZ CL^D%Wwo>oYn}˜ex2ѓ]b\riEEV3i9\'aҦ?ꀩ=DEx2VG)Ns0\\f,Oɳ\Z˓9S1YS|*1~>*.~*B+w:r(VBI+]!C\Z߹^>;UQ.o6SHXfxT eEBd6}e1~DmcJq:pTJ4;o6Q͹%_cGv.k<u0[1dS7?4*-,X׸G\n@}|\rVڛ\ZUF\nrA&6\'^R(E\"%Cmr**%eVRO ,@נ\"u#Y\ZP+0`g&0H),~C;L{`r=A6S\\P*	>@[<}Phaقꨦig5op٫9T=#\\c \\kc}U~=n똺D}\'lW>DZa?`zxP/N\'R_uFgY\".dŊ40%ikN\'$]M8bˎ;BܗxOH\"\nR4dwhW#ǺŢ5$%ZIHS{uv+s66cNByYNg,NY\\:B>i.  B+ܭLXTDCz-B<@ 6>C?\rvdc_b?\n2zXx4pܹ&(\0!-Jk@c\'[ l=xZذDuk4hcA^zpM)\r(g\"jA?_w|#_sKAvCqxx*B7xg%B%ݔVŭ}Mawq載\'vz4 U%lh9^״[-0.B\'xD%\n,\\LxxJr+rP4F\"5TW&!*)}^R^PfX&LSƫ$\r+޸pBGia&3s<Ay \0\"<XcE6=b~bwz\'t)/F1{o|PTU|FgjX@zH9;< `HBD*ٓGŌNo\r1BiE=;#;=֖:?-SńVã>`ۼni!Vqӌ)1E>U§P\'|lFzk0U,@i*D`5^\"AH)cyЀ\ZpU\'\0<^s(=h*sU-Z%(SӀ2ηp]GQW}EԧߌmvQC\')~ۏD%p Q\\iYX*<Rj+ب\rtM=Fyٹ\">A\0u]3̤W,Xru5+%N\n\'Yw=?+(<-GWӄW1G{k/ݫb\nAٿJr|J㢈pl[\'KQ36Nvn\r)˒ HmAWY`Τ`M.c:M4bwS_z~fbJVȥv:XbU@调NZ Q$;	FkҲ;bmkV1M{4:c5}}\\ǝc*o\n#o6xt;HWeD6H7z2B4\0\"ķ_/7k/5NTzNJ#*P@uX!m0qu	 Laس^Jg-?bo+{%.rKcr	tgE({</qa[UݖD>8F,(65Hg\r5i\n\Ztkl3l޸FjNhPhN~ere1C%,PyLY:Ej50w(\"zRPX$JP\"0ğs7LrCunkx):p]Q-W/=!T2w1aU;FR>EQ*BB3R2[>#=DmO\"X_~l]O[	72v\'+gHUH76(\rMX%V\rd!Owq@Ɏ%Q$1D	AeYʆ|a/\nO1cH\ZE/*케{1\0iXG%ba^6ٗ7v/\"x\0z)^^M2z\'Gd)}x-\\-+l觝x2ohvm\nXR2J#zC%	*j%SWgwYܹٻ#Zu;-%OE?)9O(D,Bc\n9WVvF۰x8#o{J\"sKG#(;6:Q\"l\r|0M:&NQ?$kXCF8>7XA>F~6л	BSSf<@u+duXLI2	TuyVeQ^oT:努.03;<~o;ε+?|	uE!8}.aq^^v̲X0Al	ӓC:,NgT)5*4(\"p\"U(PQȲhaoss\\My2M	z~?Dď@[ .A:!<@ MNx03P zt}eSk$O.\0zP>lzu$Jv\n_g)Y\"|X⮣=zy>\"< @\"6S|<$hXVP5Y,C:#BA:)Ɔ7O(!\ZD;M=]RբA`iv\'\"SEX\\?@z9llrU1s֠xh2M/_\rC?+ƞ2X#%P-OrX:mQ\"Ga)nАllIDBjWڤ/}+?+1:mLIuvj.8˻_cvrHF_ҵ!\'qz\\C.ـjI:n%D+RV$daqZ\nW+j._\np#S\0otLr	n<CwއHeH=3 cJV#l$\nj7ik	ZacNܴo$j9\0!\'j<5\0\07@iQ!{\r?:No7\'gMD.z8\0!HW{[t{	ZYs-֞q&P1.v95DshirXk=N]poX?pvdpGT1pF\";FO5n~y&0-Mm:/!>U~D(hIʘ`ևl\Zf>,H\ZBySXkBITQ(}r£frGB؁ C:+.\'~f)1aMV+><=GJywlj,6k^A	-*<AhExHġ\"hE(UIaBhMQAyIh%Rſ JRwIӘY9ûQuN5rsQ\Zl uH6ayPzW\'PZgb._P>l=\":o?~m\r.]K!1X!\07k(哧\'k<^u\ZaUa>,z\0\Zdq7^Fe]/VD<xyFttFeء\nz@ZLN|U?<6a\n+Z(R_GsBՖ2G>a<~u\nvHDY@!n\0fQQ<,)nW \r`\n.5dU#E#\\`,DUX\"W;w*N@PU\0Hu`WcE˨AA#&;))gY,SF/~	Ĝ\'<8eȝ{)#0AA^,I@Yk,׊ʘ\Z<``FJb)2\rJk!TȨK2i^(?^/M:\Z|;g>E<dqtLutB\'\rI.l;GlB(,\nRLheЁF&7Ke9#匴aۦ*Ǥsp*Jy]T/uƌ?z+̀{;y\Z?qK\"fW!iOWAW<CJa.^ft%XQ-{I0sto{2]ֶ7mn#W,kx:u`x9iYE8HXj$]5Je~lDzϡGW7\0ىM˄ȇ CZ*<ĜUQEpq9bs\0Ѿ=mfK\"G]З[,OrjF9|[S[zfp\Z@9rD%XD2HmъGx=\0^sHYaz>\rc}9F/\"ۧ2<-O5BB\Z]Џ2+qPHN\'%	^o\r:\'$C{ؿ=ᝯ<ՄǇGN޿pk`s#LI\'XF	vfxR\nTTQij&/\\0q]a3˲w?č(`W_;W^c.5ljoB6AzF?АIO*LO4fz+HNV{U\\E\rGyt,1fqbQggHb5g8=}NrfD-0!L6v\"\"-)\nm>D?z;^*]zU,-o3KzD~v(\reCau	 &1v1nb[ά0K|oI9]\\M̋\Z~bh\';W`NNl)x1ٚn-=v\r(%jw!)TB.%bQrZ gwaz1z	BFƯ bGG\'1I70aJ7m]ƽmVJ5y1![`U\ZuPu6;\\{M]Dëb	6+AbظxoP`6E]7dp%jSq{TPU0Djo3DPUѐoFޢJC=<>AGlZ;P.pQVNѱfrGv=;o4BT3VX{=ނg9v5iEzu3+!9w5N!D?l.9wŌ^z|xmrNWLdUx|{9\rNcKKk)sE-X?\"P9Q\'#A@uS_egUyo9)\\I9pc+f,$x\"bmNNUp8;@nlV\'\'^!@[\"to\rF{V2/t@uhaFX&i*uk![hǐX#lbN|KcpϳuMەaD-\"AH+\nwt:y=Gstʀhs%U$H-:k#Hx:W1;^\ZSlMNQ{ؿ?m&c	nﰜg<y%^^	{H-8\Z@ʧCcct+squbz2ƬrnnocL]ˀg9sn{D\ZHކV|8\0i\nm=xr\\\r	X>DU/b\rkpGH%Pa2/KK:1p䀼l_$n\no`E0l|O6+YLL%EnM[[O8ޟhwC.?*vOfDI тo#I1:դ\"R3VJt\0Na6*M=`*\n6:ã_C=b0ì<n!Rb3ClQ]M\Z2#%ٓ%&3F +;ĽuS!Q[cqv\\P,np5PG\\*KåbtRl0nL19%;{DPWKwCp\n\0*BH5ۛ8\">*J	+ugIXSP<?iֿg7_5oA\Zhg.vpH8d21$-I4XrA>9A9Ggm\r<Tz<gyzpVMN\"DȀj>eq|@Ҙd~nVh	<nV0=l!}~X8;\r,7y\ng>CD}֧BNeɧ:ZSV9yqwwPR-.qb-(ܻw,(dB=S_}^B:!R8!oYp4tF=&DCڃ!p|x\"PԅD<`}e8$@(*^$fEgA~K\'G!*ȴ974Sl\Zq\"f^jPj$p@Jw+c ڞq_A5i~&WC93pE@K+kt-<FCNg&;DbW%-ҞA(WwPǨ.lhl	܄EOt9EmĤmE<fN5c%umD\'7MkDQ<Km9[7qْ\'ˢDGu$5^x NS!v	|C5\\R\"	jJ\'G|Nv1B7>:b9?m6^=v|	o\\vgn9|zW+dRGC2\Z5\0i­ۿ\n),xpS	Godw)=?-#Q,@aA	OsuC*\n	N;a50N)|$Y_\'L1\'DQl^qrnI/1oс#\\iG\ZČvt։l$.ڋZ!Z-?zWŬ<&*8CGYޚS%>pUM>xf_ɨ/_H)m#:y41PzㇰC_]V`\"zEyJ|\0B\nP^($fP%mA^yP?=lp	lFT\'o^h$!cȗptd\",~R\'O|Y:Qs/2[W~_s6ɗ3\'7בQ0˚!iWhuNgn!NX༣6@?e;b2AexF%\Zb*RԕPj5oNt{?]><׍מֻ%ł,yL|tmn	+w\'h^z<[6pVKBNb)Xd52W9rB(>_1;-9rt^$H$6XS6C<EJ{1\Z%ۇ6:rث!B|Wo!p&\0/}*l lDEyaq-3\nRD-%xl\'zl(뚢AP}5$-Hz%\r9Yo6G݃hw|YA{fK.Hz7-hkd/3V  yY!rmv}/ʘOXO9KkVURJiCM!huqIy老{f}|O6Bg{S|_SOΘ>;H/Jˌ\0K:P!##vhNЊ!4\ZУx-q:JJd~p4\" w>G@uEv\nP_ELޅ)[f\'sN<y[ǯ7b^;bcz:a^zF;)FnPgǜ>>Qf6/8{8MLY^hC\"jFlu)NK\\B_D%I 9\n_ אw\'8G!O\"Z!gP8t0()V\n\"9ָXafUH#C*Oi\rePCMaHBZtlϿz[H9Lq]RL\nV>1<6o^@Kt9>1>ᳯ}GAD~fwP_A5~n[9=W1C5G9>A&1*GPaO7s\\ƛg&kk0dNO}J,-|IjE$LJt,WdSL5NQ*Oɳ11AI.uCpRs-N.hP*o\"0E\n.~H\"=`!_ڄF!IhN`S}DhƧxtI3}B=yMҍDZ\Zw#XzwP)^ %z⍘tԦfj~!)q!`WF(.q~|XAðM\"#Z!K51\'i(old{lQ%L!A@=vyQ:u9%x)	՟ G!^]G]|z? ~Bl!.K}YP-Ŝb9C\ZKһ9b~֠USm_WؿL}ğC]-T dĝ{[;0Um-C)֩T5IhΐM$;P	F҃+P5:^\'F8G(<Y]!a^DwP&?mE\'ӄIc3(\Z[@|\Z4&QЄT5Z	wH1cև#Wң;3CljUSǌN}pYA4h#{1Z*+P4\"J19À@wi@䔍Gt=B]y	wJ_>B\\\rX%DX`f?&G-,唼	]P=|נ!LR%EAfYքfZ\'\Z}Mh\rSgЏAߓ@D\rS<\"\\D<zQ|5\r܃/pm@ѳ84^u5bK!2	\"?Fĸ\0L>zBw2,\'bL Y\r_iDuwغ2:( lN\'Sz6CdB6SMCw0g&AT	t!vF;5pB3bJ~xD^ekW_BcIx#\Z\r}e!BA4\r~CuY-zj}\n VM&8iGJr3~׿~[p0X4Zk)g9%T(t;Fu-A1)qFJsi5q\'\"a/Bq&[0C%PRW|6jmu9՗Ъ>	SjiWQ;DpCי70\nEI\"	D`\'g]5 !\Z`vIF1ۈvyStCD0Ž!Nbq+m[-D|Z7.	).KB]bSLnk5W:\rt<*DS\ZHE۾;)ǿ45yo}@!鴩>d>?csgh\r\"m\ZM|-v>(KL\"MQO	]i,9Q#tv\nio\r$ݣ-99Ud1.G/ ̋9crN[Fv@te]:\\ECtS:6{Lvhoj]\r|L2]?7(Gr_TtݭuZuab%Jc8h%5\"4n*`%:9&. w\Zk7o2B_!v~W&t*XEȍM|ߒgSBY4hNQBgJಚ:XM\n6a=M$, @BDABEْ>AkM_\r|b|EQ	!«|g[m0;s@	i Ay1[W{$ֆxgpf4]1Py@\'Vo?~>@I4\n\"jhk\'H#ʢZ,.syV+uHŊ.*ml:r>h{k7I])gʂѠU㹌\"{}]hEb]\n\\!c̱巉T~\'}:8uQhyMwj#u]1>:Z->#Ms\ZF>2 ~̊;i.|%Ho{0{xeDY_G\rE!=2x{mLaL)RM\0cDMU UVC tG`X_)Os;D.g,Sp+Mx鑔=Dq	c?V+8݂K%rIᧈr\nx#KF&[8FĂT	K0Z8*:WC\" |1\r߈_@?zӟ+?\nINflA4[>\\x	#V]-9m!DHUHYxKքSg̎DÝk,\']Lu%.6l\0T)_v`1;P1uM)2r]arĜ|^.(1&HZ}\\>jvqW!!\'ќ(d\'m.wVl\\k:#C;D1bp\n[-_~[o_qwO~lp5\"Ml_nyF\'pz\"p㨦T!?5X˸\nqx$ea,TSxBo6~A^_PFcU݀ΫPÔjmC::kp6ln\0~\Z>TaO+5\"$R+\r1AB8Љ@jX,\'!%]8F\"-}|Oy|o	\0UɻoʜWnGʂ@ǔ(.SE5E%lbpaW1֔.gjFg(YlY_0(YAMaCL~TJ]E\')VJ;dSd22w=JBs/<Oqk>ϗ<S\'(S3wߺ(zےVuK`{\Z\naJoإ`{>\"Ocx35o@+bѴ6^k6tN	6ܡgY\n[Lk&x2~5#d@֔aݖXa\Zo!#Av06mÌ<Vg;Ds*yUvBh$5i\\!~!?oG8@~6B9ay`G!OR=:	ȱN-?F[OآzqLQM\r lDHTbow?Ƴ/_nKariʪ.-sZl|zh{6Z%ԕGʈ0bL0ft;=:nP0;;b~tBл,qc`ɼŃ3.oAL>:\\\'N~$!\05>1,c\nC:@Z|9}rg^ȹar_o ښP;#7ogȴKqgN ۴.nwxA$Q\Z33ܾFM9|6m.FϽP81BCT+>MiCV>Ao+4sesU\rC%%	g+2jQ/&,3M4O޾Í Q 3=e!frHBƸ\"2n^cҏ\'yQн}~GΰRDuTr3\\c4O[)2Ph\rf,kR쿭pp绿w_W0fmmU0.ypg邫=-J1\\>c{sVU&Lv5쌪lcL^KGZ29>F`3uB}a5#]H%T8bV+fա\"x4t\r/+tT\np>~cPPB,vY5>uVío~;O\n|r6$QL\'$Md}/q3~\Z6%=tBZ<!91D:Vk{=X_~߂o>,YcCMX.hC`61CEՍ#eD![sN\nƻy1;ء!_4CC-ZXMQ\Z9M4m\\\"g|wGiS~ċ.BA=7+57xՆLjc0&׭\Z-DGV.0^!O-95/m@!Ͼy7wL~DGM<|O+)yCUfyzjGk1:wnQ䎢;\'2_G	{jcXoŌa\r	4ﲫDW	$B-}kQsϾ4 	皈o<F)r5D\\?|U?]	Cg%.RMֶ7?,ֺbRhn9Eqb;$-YIiC	WlhqCWˆ\\\Z9 zD?B|h!ޗElvD-擒XR\"^-kT\"hE<[jP(؊X4ĥ҄\n5-E/GTO-vd&BwOa\Z?)U\n-wL#\Zdr\"e]\0$\"]̤A<ȩN={%6*HX,at<2F=(T㤔_ֶvw_v\'Ib6{Ʋ:$qAL=OY	UI6>vш7Ċ\0W9Ufx$Ic-%OYNf=Snql/bS{p]6q^ۈC~:&Q\Z]2buF1}x͛iSdcW94އ;VME4hLo)\r/vxMl	\Z$r2XC\ra~9sdo~7C.PdgL&0bYe1Ts&:aJN\Zi!6;drbS4\nDسrJ|;S$\"N ~\0>Eʀe\r_7&:\0OuS]D	`NV\"d\ra,؃w།8{̱af50X݌r\0.~*?j7kw=x!6\"L-_i/@=U#En0~mV7n\\6\n;%)N2F\n+sHoƲZNf8\Z\"]1[S\ZgfSUF%Q!B$qR9VDuUk|ijW-\nd!UaHkYt]O|g jQO1^=H hY^j\\+&sԣ\'(5$ZZl{`8\0WODEF$1geȃ3j23,ݭɅ.\'\"h+Һ\"y)`*\\-YRX.u\r0bҋQ	;D\ruZQ](0+dQXۈd5__?ي\"Q\Zp2ŇH+g<X\0/SGl\\#E,ni}Qj*)\Zaڥ׹[3XK/rW~.Qprt;	H#*bW.PFÛUa!%xq[Ǉ/olH!Q5(WϦAҭK.=K@Q(,1l{os|1ykÚV$]dGX5<S#Vd4ddEQude\rJOQK:g3!~I`x+#x\06ChD)-z\"[Ψ&њj^ѐ\\DIb>ZhV;,b\0&3up-CP$nd|oc\rvnP0[ϑ@`JD(pAa30iԎBƛQp3>^r\ZU4#{(VP\nH]Ʃ=NE{$kG,?Ğa*#h]_S#}%?ǣGilf^읞я?Yhk\r2P$QЎٜiIG`fcBX|~F#A ];kѾF+OUd3CV%kD~ֆ۸W,O0fvo!T0jLSS|`1Ǎ<Y]SB0=	Uz\ne#yCmؽ\\>?:DsSdED?LKD.QȖƍgD#z<Ӛ Li]a	XMY((\">7BoqK[MŪ{PZ+SȶBg\"Gc8oFG)\"lc͡.]F]i.`G\"^JA!3Da=4=+`{\Z\ZBi	\\SkA9y.Ar|Lib\'&h`ڍ~aϑ\Z{k9x\\>EtpNR-st\0QXENYXCw[cU4\r}65\0˳1&r0@_;PDf5MIJFsʣYM\n[c.LE|PчLō3h)û0FF7Cs\n*ANaԧwa/]C&JG+6hEVk)Zq}_i hɲ6\'ߢx<.8D䊭UvBoyܢIa]oI6Q?fpbm#֞A!:Y-vQ-|8	0wؒ&)hkM(%_cM\\@%YjulTYc]M0j\\NvpUN\ZvwX,jaOgI;k\Z/ƅ{wy<~O{F\rV3^,J$-9xOv6g%:k0WSIڢ;ءF 3T\"g1bhKSNc\rR5CBdLk?Fzo~GSKS<groIqI6z\0nV\"Nk(7!Q\rd\Z\rjH)8&-(ڣ%^Gb3w	[<TNYz4k[{L)kZтS?:gaVr5Zd*\'$_CH]>c{zH̊3/WdNc6`D޴>霣{]m$,NӚ >7xZxkjdx1}[Oou\r2Qԭk\"l9ƛ\Z`)0#t:~Cd#9/_b/!w&Aİ`E^̗3|]Efr:FhMhJ)c\rzx牔B\"jSc\nJ+4|>!MPZ3$HZ8@ P{ۙRelKP\rڟOY2?~8@|v@1Y8$?<Dw6)O#3Imj ƜTG\0`g~Cʣ1$T~sP;8%&Zzn#T3\\{ŽVt?Y-NyCnKj́	D@Q\"DGRo{*si-.\"Y백֕+.@/s/PgZ;\'syt{˗nR,xC0b+(#|^g4.9}ZMР`xf>_AMD+-.BǈV\r[(Bꀠ}@7~\"D=b}\')#?oϱoE)eɣ)s&l,s┤(sPn\'8@p>2_7iH@6AL$\n]lYtHz}TE--ܤ[lONPb֥*P-gǇxwHr=t?}7G=cRD0:O5OKِ=\\Fv1ǆEuђh}H}+#\'c8/Nui@hZ9b $YTx/X:O:ltKtNw\\yJxgM3-T)ˊ`e1!{{s!%[jTv1:B:Du\n@!><.GR~HWwb9تGh?BaB?^S.OX-O9[N1\\|s9>~y`.*PQKxrpH塕$JLgsXZVJg8D!uQ!l`ոsPtȸWv\"l]7+=_x3lXֶ:-AI\"NjpaI{+?[к+@`Ɛ:Vr߬\\lǈVBu-֦%b ~LG_V\rFcx\'wnQ5K#*Q2oAS~n\Z(IB&+Z]AGaMc,w[UV\\F3()4%Ƕb[Nvb @K䓐|#\n;08@\0&ӢKDef8tO]յΒvsȄb\rD3SN<*5DR(]K9\"!Sj8lg.2:VG7)ۈb|rLG6:b~@\'}W{,\'3ڛs`h+Au`jvf=⫷xj9TQ \nY	h|fuZZϸ}-6g9; h\nYP>B;C$tslIK#۴ꈍq3ڟy}^7y9gv[np@aY5^ؽzږ<5Y\r\rԝEx6=nvDZPc	R{.@*%]ݰ?˔6`@Hh![BcQAfO[մj_\">MK<B&J!]xD%5:m$[O\'w3<4z\'hQ]J}8GdX_a2[1iݠ+$i/[my]W8I@iL+69#E6g2ƟH{|^0SjWXW^F$E%o:6ӵ\r#zådݞ# ۞qx\03H=B7{\r9]ݤd\rsYpO*DYr9pܭ٭rMn-Fu;i\\c4p%~R*^#YN\\`rvI1D+Wnp;tmb\\=)谴!ĝ(z\r7IhmK׶.#c>g֘֘7@B-mֱZ̩ۊ)ʍ-D쒙q7%~.#3\"HD_޿HA0-Ӥzz(\nQO~7xW7^FmIC	y{eaт\'\"1#=Z@aH%28+_\0EGI#	Flַ_3S^ϰ1\Z!fro[VG2<%e5ݧLеUnC:E4cdG-Au\0EݦYXQA>.I\"4Kj+YzJ<<xqȴǩS3e<Oiӟ\\z\\ڗx++/}j`1$M%j:RHi(z$9ѳbS	u7i4#Ղt<$Hi QRHpC؎ղB*xJG$Jm.2,ϳG@c$3\"I	uQm؇SZ|jMDȒtK.)/Ҽ\rډ%;p18$wW%\Z%++47^KOAgxCY7.yRfZ)\"l~g=wn1\"B\0#,2veę<D#O=+fosor덯3_Yd>BKbRi7Xhr4$=X,\Zg|pJ g	]AOϳ],F$D;OkªV^1HNoLiU:slNc^\ZX_4З#_3~7IBC(,;XV4^qt:@Y4\"px8C6hH\ZE%j 3QVkp]^54p)$&IhEX<C wWpO?CokEXІDHh\Z\'<wVB=h	DiQC0мfm0mZQIAhޚmnsʹHA}mG	*lYGǤ!]3cx \Zh;C!IR=7.ƐiIu&7nrŗ\"EC&8ajj0s\n$2oe!۟=Bd%mAfd3cF^:&w/.Q\nFDKXҹ%6.,OTSw˴}ܥ81og\no}qA%)o_`l/lX6IQZ&D{wUE8y4-QPZ\\@o9yƧ!L1\ZH9]LvfH5P>C̮@\ZA?^G!!`ExEVNoSPYqgO}/5+0j)hO\' HG<\rB6R<xIW^&h\raN\rfȶƈU5,s.t{p[lJ~Y2\"[LQZ{G7K>GGsN*@P%6dj>I!D4KWP|\nYz=_]Y{vrő +0p +PAZAAA}l7n?\rzI~|oƛ\\Q%kto7ycVb\Zu]F=A۬hzYps;2idҰUTum#AfcEyQzT 4\r,.enk0m|0\n/߄fK_^d9bI=Vb*8ۋ~EwPH:.><D#8_Z$6՝foFG|)5tQ9lsoo	O*\Z >pUd9G#\"GKj:w@|V]bLk5gN5HiC4m.=\rO}\'ضU(,!Ơ!ĭnޢ]b}|3ws\\W!DhE2|4w,z`{5v~|wCl=#)hLVs\ZQU$3mgk6S`Uo\Z!9J):lѠ4E؀ۨfSUy[_z^}=N?NZ\nM ==\n+Fc݊:\rY{1HPNROӈ\'촢vD	~@8Ay!$KH r\rJA5%Gb^$rQzYbb4Gwno0yer&¥ErBX̖t$I\r6˔U66A\'&h#5bР#;KO?GvD9\"+B4xEÔGeE?{er bnA7U>K@IOZ7ĳ㩏%Lob,M ¹@]w.snȍA+I-U{<C*(C2hxaH,+]ԂxmbJ	9jrFYVX#_ 8̳u~t\0R$BT|u,^<]/x7X\0ZG/RQ=CZ84K$E[mx	dK0ҡl Ԟ,R;O}m,ȐYmV䣳eƩga[b]2Fgfp#n!),V#dh,GL\'Sg.uHH;$hcT j1}7֠\r\nFQA<AxEZQ\"۶ 	\\;őñj>wېW<O=vpg?I2d:S\rtQs.׮M-ɳdENP΅؆mk{mS#]KX`@o0nd6CJk6u?7\Z!B@\"$\0~\"؄.,MG/BsfVs!+hlA\n̰Djo-A&LhV|D\'\n!*\\?\ZcƘb!4AHT	&^L$WiFy_QoЬrdҭ&,eMj6zR:$YpNPd\n;8:`2Պ;y`>\"HTh.2&q)@{4?:-YA%ᘖ$H7	#tBZUI	\'7n|\nN:,?\\W!%e/c9WfYFPLK簮B,,E%]mWUUd@I\'Ph	! njڦA\nM:()v4ޡ4!xmq%xTJ|{}4#-#,X;-UVXZ!}ێ ,\ZaWiaYgoor61KA Pyu]+c?<]mZl~<IN=N?]$ՔIkЃsLwso\'_dF[[Ōab:kVL0.tԣVlG8t!EY!et򋀛Btm~szaxY{GR t)wB T$ ޡLj$n<}ƍ%|g!ϟ?{{yk߬&Ȕ\"KĐ\n$Cb6\'/r6T	ZB+YJ1A)w8Xg^뇻Z,Gg}t ADıP,]=x8q\'mpddS地wKVaf]wnN`e\nXDBZbm&!ݳ\"~@$4G_z#mR>ijK7ttl9zN3Eelruwߦ^LO*?(|2ɘ\'/n{\rpTd*n`{Ĺ-2,@jOZ$5R_9`#/\0R=/qNzzDl d\"12+AX@EDR~ı7n\0xGOc,\'\\[|7jUS-ݪFEÂ5􊔤,`}hJ\riIG%R*t]rBIo4@Re\"_HBp!(Y`=V%w}uN\nwx?zA\Z*\ZzIध<^/iFLLJ ݸً#>˸u[ݥ]`W~;C\r\0e2ӻeΛLg,f1û\'1g\nP{xmȰd4Է4\rD`2L$ \'mh^r mp#B\ZAOc.\n\':0R[V6 {	i?џq坝3|Vy?ʭ/ї\nS&!Y(Z躊nȴ$Q\r6TM$R\'ݼHQJE5ҽ\'#1Z,IuM/,F(;D&Jj#\"\r/`A. 9.	Jy}!	z1Ǵ\n6!R(Ξ)1;juh}K1C1<)nu%3buepJ2<oTB\rLU##KwQz|9e<P(]	\\!O	A`Y*[\"B( \"<Gf譚\n֢\0{tMAq\'پpgO8:wRϰM+WxO~w^2|%<JeHh[pY&zEt :Oz^fm>!<!RVB{ޣ:ڪBf]h7hiۘhR],a5GBH)6\"eί#!,p-kꃄpz R0tA-^+%j0F\r\nwZ{7j^Eh=FeVo5U=!g]Ą|KߚQ;gZ6N	x|ːx	\"@T\Zg+Єfk&Q9@g\'hDd@#D\r!	k񵠝/a%SK?x)3t8L{?-VGwv	YKJVچhN^[Q\ntռ\0݆y,ˑ//$*@)%AzPJŇx\0p!\"՚zm[ x\"H ,ngn]rЙ!!$)jʞe7l	_(Bas!tRh,n^#0jo uP7L6%Zx, d-Y|V\nd_u\rsH Іug>Q/6iowoH_rYz;>\'qE+D-	i/AP9uHo	!dP.D4[Lڧ^~tE%}DsR#	~S>^޽|x+MSO8O+|5/#DpQ߮km\\\\>:KEb\nt&64KQJc,>`8)ֻC i)pѮVH!HKTD甦xm[GII}tCvo2oӥgZ{*ںf{3vyZe_ܦsl)^JR)|]AFioQ-T`53HH6\rVoT ;Bױ<̖9~0{Loшgʚ/<ĩ|n!2\na-2L${\ZKOj!ATIP~]<WuR52Hjk!!ySYV/<)^ώi,N>7x>ť>koˋ&.P9FI:=O\rF5(N\\G֛RЙ\"MR4I%OP:VOX5tV\rc^x%5\"vF|:#)iN$i0γ=<#<A&j6w4gy8ig?_M;d@A	\\\nL$Ru|d\Z4 /c!``:IG<%({\\ُy3<[̨_F\ZT|x*	D\"7\'WBb(t-ay*pi)zScU46оF=>pFelmmG߻yk87}FHW$9N#cH()ABlLfA<MUamK::%Zkk]QDt-3?<@XoR[-甛#>2ڦk\Z꺢\\J	O:I27+jnqkmq{Y<Nav!{hZ3wJ A0=.zV\"%GŘv<Bx\'paƷ3\Z{p@Bq1|pGw\\2QD#TTI{twEOhgt),tEG	0K=\nr;\\ekkdw1F[W\\Ezy穗s\rΠ 5IP\Z#&9I8aJ#8VJ\ny\\&MzID]uWUئ!9lױwP	&i;@_<L$|N7)t@(BQh$ym/!:[!v$;u\"8K8o|ͶvDvvCXWhv):q%#фlS7b[Ií\"MVgCwa- rO\rd=/?}/`_,\'`1F<\'xOpp\Z_zF\\U&sEkAf<B\nN![ޛ`mpX085*u4l\0!D#uMA#	Q7\r>C:\0h\'3jҚhWж$%+F!ifQKs.DGP%v#uR};iU&3s#]mK5R*oSgaf*( Ch.IUywt[SlYFqv!46ҼG73B7ATz)!=xU#z	(Y\'eƻwv|8W\Z$E׶ܺ\ZG㫚A\Zk=mEkR2h\n@yx0dy14IƐKD^$hEC+Cg[DWłTXk4Í-E\0g)=<$1Ƙ]]bAdZ\"BYoםtQ/nC\0!Oh3ѐtsL,Z1!e-t+mDs$ǐg?C\n7xjɔ;]kn)dC?\0kt1@<_[]v^ԩS$Ir?+/	W^*roNHh@z2+(sC)`GDc%Y~N(c9hYyz\"sQg}|PYΧHm\rY[&v\nRx\'A:]WR`mRq#ߣ0kJqanB@IZ\\LRJҢ{\'Hz}8	]Chf[+g0\'	-bW{\08:dֱU]|3E@4BTz\nljC^g~wxXb!FQ孯\'\\}2C)i]TI$34)I(RYD\0wEQ`BH\'M$Zk %eCHs,	]CU˫tTfQ{#;t\"\0=ǹ=RJEx6D)KaG3TƱ<λ(C$Ru=%(T2$\\)XKzP:8PA =V@\0K<2\n<]{=Ig{wxy_POQxZR!X\"@C?O(4FŪ\n$tDjz@\Z`0i\ZxJE`!5O Xy7cE_8yZ5%R\n֠s>ek[$E+B,gJ#Ig\\_`>zv	)a-.ănq.!<*L!ई!}lQ}\Z{Oܖ/?~/C{=v3;ܹoU5v/\r@Ȅ$q流D妕AIT>t\rAFexT(EL| B\n<)!\"eGjzX|]5#T$8Al\rBT5|ўr\\tG[8&YR4r\'wѓZkzb=hhUPr%c;C{/K;;;ş\'źc{\'s8ڻõW_ͯ1zUY0(&Z{2 %HH\"3\\K^+yhR /{\"^hTE,;q(){1@C{C%0O@zئEnY\n!y>jz>}@\nT S:kLăS.ETǍD3A{kk}?uhSAy/]x`/|Zelll?);s߾/~^&_aqy`!4B8\\hFiEBv`0\'Ȋ^Y2?ƕ\Z\"ӜT%<	IĐ&I9bz\rtEk=\0\rg\0(	*kf5;ĺhDZdt.Vui*\ZR!?O)r4\rJHRxA\nz(8dbЅ{=~q9};ͻhXܛΛW̍W^bnՠ@j\"CII+({Ib(\"Mi놛Wfk#Ǫs%*DlD&Q;O$E9m:Q8ږ8Ĭ!Y[BRM&}<ǆ8Y\'B:A\nMg\\^ xAX#°NDu$&]g$$um\rb>~=W9!|;;;O{q\r|\rI9Or?Q-ܺ:\"W_&W9AX\ntSiaH0J#%s9ZR=ܐA\'\"Gf]_DM\"QqVE+*l+V{Ȯ!ڠ7V3,NAP\n$2\0m`\0ԻQ!\"}<\0Xn {l<suw~o~Z-Ʉ_o~ݷ`z&uh1I;q]7)骊bAxͭ-L╊guZl~QTsm$Ic0BT klScJx[~N[76\Zn\"\0(Abt\"(a}	Ze.`\0ݯ}R*$\n!ŚpyЧxB}n.ִ_{qc|wiJY\'?EQݽݻ;/S/y>9ؖ!,ڤ猆Cz>2T\n\\4YxA)\"D#qO@Z`]pchkJS4ι! @Jy!0I$\nygg\0R!i\ZIbms6N(IREO$ģ^=\'r0zI!y.<)D_-Lq啗ܼ:rFhVaLʢL&GUE\reYR~V\"5$ZBD>4K<m%$tVH)m8wn|0`YWP}8ߒ$)J&>Ė5G$R!Vu/\\>ro9Xe;\rK޹W_\r4(j`r7uur>gXv4I2Tbk4MHҔ4QC*f-{SbiL3@Ƀxud|@)EUř3!kB59\"c&y;N59m0\'f^ .-\0\0?J$(bd+W+^yw.ղFKO&dFS)&ΰ>vHɲX1\0c4IB2ݿl.I9BOuEIU2!HF+C	mׯKgl[E^:HAYA`sPgE*ƈEx踲/u?q E|\n]$SOSlGZR-f޼_b\0|GuYJB(L	a}^h\\M$t%<zDi$I(RiiF|}Iք\Z!BNlLtA̃z[ȤӃ|wuh<8~J/8m~\r{Մœ{q\'#/qs\0=T\'$N\ZW`<=:x[k<?lk\08@\'q-+k<? jaIğ\Z??Q9\\?pr?O$?5>>ƋQ}Џk3Dz>_xD?}}g_\0~	<	=?L8I5?Pϻ?z^Ny|]|X\\d{;\0Z<H\0\0\0\0IENDB`',1,'2014-01-22 20:06:47','2014-01-28 01:10:55',0);
/*!40000 ALTER TABLE `menu` ENABLE KEYS */;
UNLOCK TABLES;

--
-- Table structure for table `menu_items`
--

DROP TABLE IF EXISTS `menu_items`;
/*!40101 SET @saved_cs_client     = @@character_set_client */;
/*!40101 SET character_set_client = utf8 */;
CREATE TABLE `menu_items` (
  `id` int(11) NOT NULL AUTO_INCREMENT,
  `menu_id` int(11) NOT NULL,
  `description` varchar(100) NOT NULL,
  `price` decimal(15,2) NOT NULL,
  `per_size` tinyint(1) NOT NULL DEFAULT '0',
  `img` longblob,
  `is_available` tinyint(1) NOT NULL DEFAULT '1',
  `date_created` datetime NOT NULL,
  `date_updated` timestamp NOT NULL DEFAULT CURRENT_TIMESTAMP ON UPDATE CURRENT_TIMESTAMP,
  `deleted` tinyint(1) NOT NULL DEFAULT '0',
  PRIMARY KEY (`id`),
  KEY `menu` (`menu_id`),
  CONSTRAINT `menu_items_ibfk_1` FOREIGN KEY (`menu_id`) REFERENCES `menu` (`id`)
) ENGINE=InnoDB AUTO_INCREMENT=8 DEFAULT CHARSET=latin1;
/*!40101 SET character_set_client = @saved_cs_client */;

--
-- Dumping data for table `menu_items`
--

LOCK TABLES `menu_items` WRITE;
/*!40000 ALTER TABLE `menu_items` DISABLE KEYS */;
INSERT INTO `menu_items` VALUES (1,1,'Coke',60.00,0,'',1,'2014-01-29 13:26:09','2014-01-29 05:26:09',0),(2,1,'Royal',60.00,0,'',1,'2014-01-29 13:26:41','2014-01-29 05:26:41',0),(3,1,'Sprite',60.00,0,'',1,'2014-01-29 13:26:51','2014-01-29 05:26:51',0),(4,2,'Baked Italian Sausage - Single',209.00,0,'',1,'2014-01-29 13:27:28','2014-01-29 05:27:28',0),(5,2,'Carbonara Supreme - Single',187.00,0,'',1,'2014-01-29 13:27:51','2014-01-29 05:28:52',0),(6,2,'Classic Spaghetti - Single',165.00,0,'',1,'2014-01-29 13:28:41','2014-01-29 05:29:06',0),(7,3,'Pizza Castellana',0.00,1,'',1,'2014-01-29 13:29:42','2014-01-29 05:29:42',0);
/*!40000 ALTER TABLE `menu_items` ENABLE KEYS */;
UNLOCK TABLES;

--
-- Table structure for table `misc_items`
--

DROP TABLE IF EXISTS `misc_items`;
/*!40101 SET @saved_cs_client     = @@character_set_client */;
/*!40101 SET character_set_client = utf8 */;
CREATE TABLE `misc_items` (
  `id` int(11) NOT NULL AUTO_INCREMENT,
  `name` varchar(100) NOT NULL,
  PRIMARY KEY (`id`)
) ENGINE=InnoDB AUTO_INCREMENT=3 DEFAULT CHARSET=latin1;
/*!40101 SET character_set_client = @saved_cs_client */;

--
-- Dumping data for table `misc_items`
--

LOCK TABLES `misc_items` WRITE;
/*!40000 ALTER TABLE `misc_items` DISABLE KEYS */;
INSERT INTO `misc_items` VALUES (1,'Spoon'),(2,'Fork');
/*!40000 ALTER TABLE `misc_items` ENABLE KEYS */;
UNLOCK TABLES;

--
-- Table structure for table `order_items`
--

DROP TABLE IF EXISTS `order_items`;
/*!40101 SET @saved_cs_client     = @@character_set_client */;
/*!40101 SET character_set_client = utf8 */;
CREATE TABLE `order_items` (
  `id` int(11) NOT NULL AUTO_INCREMENT,
  `order_id` int(11) NOT NULL,
  `menu_item_id` int(11) NOT NULL,
  `qty` int(11) NOT NULL,
  `price` decimal(15,2) NOT NULL DEFAULT '0.00',
  `orig_price` decimal(15,2) NOT NULL DEFAULT '0.00',
  `discount` decimal(15,2) NOT NULL DEFAULT '0.00',
  `discount_code` varchar(100) NOT NULL,
  `size` int(11) DEFAULT NULL,
  `opts` varchar(100) NOT NULL,
  PRIMARY KEY (`id`),
  KEY `order_id` (`order_id`),
  KEY `menu_item_id` (`menu_item_id`),
  CONSTRAINT `order_items_ibfk_1` FOREIGN KEY (`order_id`) REFERENCES `orders` (`id`),
  CONSTRAINT `order_items_ibfk_2` FOREIGN KEY (`menu_item_id`) REFERENCES `menu_items` (`id`)
) ENGINE=InnoDB AUTO_INCREMENT=22 DEFAULT CHARSET=latin1;
/*!40101 SET character_set_client = @saved_cs_client */;

--
-- Dumping data for table `order_items`
--

LOCK TABLES `order_items` WRITE;
/*!40000 ALTER TABLE `order_items` DISABLE KEYS */;
INSERT INTO `order_items` VALUES (1,1,7,1,424.00,0.00,0.00,'',NULL,'{\"item_size_id\":\"2\",\"extra_sausage_id\":\"\",\"extra_cheese_id\":\"\"}'),(2,2,7,1,249.00,0.00,0.00,'',NULL,'{\"item_size_id\":\"1\",\"extra_sausage_id\":\"\",\"extra_cheese_id\":\"\"}'),(3,2,5,1,187.00,0.00,0.00,'',NULL,''),(4,2,7,1,424.00,0.00,0.00,'',NULL,'{\"item_size_id\":\"2\",\"extra_sausage_id\":\"\",\"extra_cheese_id\":\"\"}'),(5,3,1,1,60.00,0.00,0.00,'',NULL,''),(6,4,4,1,209.00,0.00,0.00,'',NULL,''),(7,4,7,1,424.00,0.00,0.00,'',NULL,'{\"item_size_id\":\"2\",\"extra_sausage_id\":\"\",\"extra_cheese_id\":\"\"}'),(8,4,5,2,374.00,0.00,0.00,'',NULL,''),(9,4,1,5,300.00,0.00,0.00,'',NULL,''),(10,5,1,8,470.00,0.00,0.00,'',NULL,''),(11,5,5,3,561.00,0.00,0.00,'',NULL,''),(12,5,6,1,165.00,0.00,0.00,'',NULL,''),(13,6,7,1,424.00,0.00,0.00,'',NULL,'{\"item_size_id\":\"2\",\"extra_sausage_id\":\"\",\"extra_cheese_id\":\"\"}'),(14,7,1,1,60.00,0.00,0.00,'',NULL,''),(15,8,5,1,187.00,0.00,0.00,'',NULL,''),(16,9,1,1,60.00,0.00,0.00,'',NULL,''),(17,10,5,1,187.00,0.00,0.00,'',NULL,''),(18,11,1,1,60.00,0.00,0.00,'',NULL,''),(19,12,1,1,60.00,0.00,0.00,'',NULL,''),(20,13,5,1,187.00,0.00,0.00,'',NULL,''),(21,14,1,1,60.00,0.00,0.00,'',NULL,'');
/*!40000 ALTER TABLE `order_items` ENABLE KEYS */;
UNLOCK TABLES;

--
-- Table structure for table `order_temp`
--

DROP TABLE IF EXISTS `order_temp`;
/*!40101 SET @saved_cs_client     = @@character_set_client */;
/*!40101 SET character_set_client = utf8 */;
CREATE TABLE `order_temp` (
  `id` int(11) NOT NULL AUTO_INCREMENT,
  `client_id` varchar(255) NOT NULL,
  `item_id` int(11) NOT NULL,
  `qty` int(11) NOT NULL,
  `total_price` decimal(20,2) NOT NULL,
  `orig_price` decimal(15,2) NOT NULL DEFAULT '0.00',
  `discount` decimal(15,2) NOT NULL DEFAULT '0.00',
  `discount_code` varchar(10) DEFAULT NULL,
  `opts` varchar(100) NOT NULL,
  PRIMARY KEY (`id`),
  KEY `item_id` (`item_id`),
  CONSTRAINT `order_temp_ibfk_1` FOREIGN KEY (`item_id`) REFERENCES `menu_items` (`id`)
) ENGINE=InnoDB AUTO_INCREMENT=26 DEFAULT CHARSET=latin1;
/*!40101 SET character_set_client = @saved_cs_client */;

--
-- Dumping data for table `order_temp`
--

LOCK TABLES `order_temp` WRITE;
/*!40000 ALTER TABLE `order_temp` DISABLE KEYS */;
/*!40000 ALTER TABLE `order_temp` ENABLE KEYS */;
UNLOCK TABLES;

--
-- Table structure for table `orders`
--

DROP TABLE IF EXISTS `orders`;
/*!40101 SET @saved_cs_client     = @@character_set_client */;
/*!40101 SET character_set_client = utf8 */;
CREATE TABLE `orders` (
  `id` int(11) NOT NULL AUTO_INCREMENT,
  `order_no` varchar(100) NOT NULL,
  `branch_id` int(11) NOT NULL,
  `branch_name` varchar(100) NOT NULL,
  `customer_id` int(11) NOT NULL,
  `total_amt` decimal(15,2) NOT NULL DEFAULT '0.00',
  `tax` decimal(15,2) NOT NULL DEFAULT '0.00',
  `sub_total` decimal(15,2) NOT NULL DEFAULT '0.00',
  `total_charges` decimal(15,2) NOT NULL,
  `total_discount` decimal(15,2) NOT NULL DEFAULT '0.00',
  `discount_code` varchar(10) DEFAULT NULL,
  `remarks` varchar(255) DEFAULT NULL,
  `special_instruction` varchar(255) DEFAULT NULL,
  `bill_change` decimal(15,2) NOT NULL DEFAULT '0.00',
  `rider` int(11) DEFAULT NULL,
  `rider_name` varchar(255) DEFAULT NULL,
  `agent` int(11) DEFAULT NULL,
  `agent_name` varchar(255) DEFAULT NULL,
  `is_advance` tinyint(1) NOT NULL DEFAULT '0',
  `status` tinyint(4) NOT NULL,
  `date_ordered` datetime NOT NULL,
  `delivery_date` date DEFAULT NULL,
  `delivery_time` time DEFAULT NULL,
  `date_updated` timestamp NOT NULL DEFAULT CURRENT_TIMESTAMP ON UPDATE CURRENT_TIMESTAMP,
  PRIMARY KEY (`id`),
  KEY `customer_id` (`customer_id`),
  KEY `branch_id` (`branch_id`),
  KEY `rider` (`rider`),
  KEY `agent` (`agent`),
  CONSTRAINT `orders_ibfk_1` FOREIGN KEY (`customer_id`) REFERENCES `customers` (`id`),
  CONSTRAINT `orders_ibfk_2` FOREIGN KEY (`branch_id`) REFERENCES `branches` (`id`),
  CONSTRAINT `orders_ibfk_3` FOREIGN KEY (`rider`) REFERENCES `riders` (`id`),
  CONSTRAINT `orders_ibfk_4` FOREIGN KEY (`agent`) REFERENCES `users` (`id`)
) ENGINE=InnoDB AUTO_INCREMENT=15 DEFAULT CHARSET=latin1;
/*!40101 SET character_set_client = @saved_cs_client */;

--
-- Dumping data for table `orders`
--

LOCK TABLES `orders` WRITE;
/*!40000 ALTER TABLE `orders` DISABLE KEYS */;
INSERT INTO `orders` VALUES (1,'12332',7,'Shakey\'s 7',7,522.37,55.97,424.00,42.40,0.00,NULL,'Demanding Customer','Ayoko ng Sunog',500.00,NULL,NULL,1,NULL,0,0,'2014-02-18 11:32:07',NULL,NULL,'2014-02-18 03:32:07'),(2,'12332',2,'Shakey\'s 2',6,1059.52,113.52,860.00,86.00,0.00,NULL,'','',0.00,3,NULL,1,NULL,0,4,'2014-02-18 14:29:43',NULL,NULL,'2014-02-18 13:00:38'),(3,'12332',1,'Shakey\'s 1',6,73.92,7.92,60.00,6.00,0.00,NULL,'','',0.00,4,NULL,1,NULL,0,4,'2014-02-18 14:30:19',NULL,NULL,'2014-02-18 06:30:44'),(4,'12332',1,'Shakey\'s 1',6,1610.22,172.52,1307.00,130.70,0.00,NULL,'','Tet',0.00,4,NULL,1,NULL,0,4,'2014-02-18 15:13:28',NULL,NULL,'2014-02-18 11:16:11'),(5,'12332',3,'Shakey\'s 3',6,1473.47,157.87,1196.00,119.60,0.00,NULL,'','',0.00,NULL,NULL,1,NULL,0,0,'2014-02-18 19:12:33',NULL,NULL,'2014-02-18 11:12:33'),(6,'12332',1,'Shakey\'s 1',6,522.37,55.97,424.00,42.40,0.00,NULL,'','',0.00,7,NULL,1,NULL,0,4,'2014-02-18 19:16:37',NULL,NULL,'2014-02-18 12:56:22'),(7,'12332',1,'Shakey\'s 1',6,73.92,7.92,60.00,6.00,0.00,NULL,'','',0.00,6,NULL,1,'Vhilly Santiago',0,4,'2014-02-18 19:23:42',NULL,NULL,'2014-02-18 11:45:18'),(8,'12332',2,'Shakey\'s 2',6,230.38,24.68,187.00,18.70,0.00,NULL,'','',0.00,NULL,NULL,1,'Vhilly Santiago',0,0,'2014-02-18 19:35:08',NULL,NULL,'2014-02-18 11:35:08'),(9,'12332',1,'Shakey\'s 1',6,73.92,7.92,60.00,6.00,0.00,NULL,'21212','21212',122.00,NULL,NULL,1,'Vhilly Santiago',1,-1,'2014-02-18 19:40:10','2014-02-18','19:30:00','2014-02-18 11:56:49'),(10,'12332',2,'Shakey\'s 2',6,230.38,24.68,187.00,18.70,0.00,NULL,'','',0.00,NULL,NULL,1,'Vhilly Santiago',0,1,'2014-02-18 19:44:21',NULL,NULL,'2014-02-18 13:01:16'),(11,'12332',7,'Shakey\'s 7',8,73.92,7.92,60.00,6.00,0.00,NULL,'','',0.00,NULL,NULL,1,'Vhilly Santiago',0,0,'2014-02-18 19:44:58',NULL,NULL,'2014-02-18 11:44:58'),(12,'12332',1,'Shakey\'s 1',6,73.92,7.92,60.00,6.00,0.00,NULL,'','',0.00,4,NULL,1,'Vhilly Santiago',0,-2,'2014-02-18 19:57:55',NULL,NULL,'2014-02-18 12:58:51'),(13,'12332',2,'Shakey\'s 2',6,230.38,24.68,187.00,18.70,0.00,NULL,'','',0.00,3,NULL,1,'Vhilly Santiago',0,4,'2014-02-18 20:05:16',NULL,NULL,'2014-02-18 13:00:45'),(14,'12332',1,'Shakey\'s 1',6,73.92,7.92,60.00,6.00,0.00,NULL,'','',0.00,4,NULL,1,'Vhilly Santiago',0,2,'2014-02-18 20:55:43',NULL,NULL,'2014-02-18 12:59:28');
/*!40000 ALTER TABLE `orders` ENABLE KEYS */;
UNLOCK TABLES;

--
-- Table structure for table `profiles`
--

DROP TABLE IF EXISTS `profiles`;
/*!40101 SET @saved_cs_client     = @@character_set_client */;
/*!40101 SET character_set_client = utf8 */;
CREATE TABLE `profiles` (
  `user_id` int(11) NOT NULL AUTO_INCREMENT,
  `lastname` varchar(50) NOT NULL DEFAULT '',
  `firstname` varchar(50) NOT NULL DEFAULT '',
  `branch` int(11) NOT NULL DEFAULT '0',
  PRIMARY KEY (`user_id`),
  CONSTRAINT `user_profile_id` FOREIGN KEY (`user_id`) REFERENCES `users` (`id`) ON DELETE CASCADE
) ENGINE=InnoDB AUTO_INCREMENT=5 DEFAULT CHARSET=utf8;
/*!40101 SET character_set_client = @saved_cs_client */;

--
-- Dumping data for table `profiles`
--

LOCK TABLES `profiles` WRITE;
/*!40000 ALTER TABLE `profiles` DISABLE KEYS */;
INSERT INTO `profiles` VALUES (1,'Santiago','Vhilly',0),(2,'Demo','Demo',2),(3,'Pahulas','Jaime',1),(4,'Collera','Dandy',2);
/*!40000 ALTER TABLE `profiles` ENABLE KEYS */;
UNLOCK TABLES;

--
-- Table structure for table `profiles_fields`
--

DROP TABLE IF EXISTS `profiles_fields`;
/*!40101 SET @saved_cs_client     = @@character_set_client */;
/*!40101 SET character_set_client = utf8 */;
CREATE TABLE `profiles_fields` (
  `id` int(10) NOT NULL AUTO_INCREMENT,
  `varname` varchar(50) NOT NULL,
  `title` varchar(255) NOT NULL,
  `field_type` varchar(50) NOT NULL,
  `field_size` varchar(15) NOT NULL DEFAULT '0',
  `field_size_min` varchar(15) NOT NULL DEFAULT '0',
  `required` int(1) NOT NULL DEFAULT '0',
  `match` varchar(255) NOT NULL DEFAULT '',
  `range` varchar(255) NOT NULL DEFAULT '',
  `error_message` varchar(255) NOT NULL DEFAULT '',
  `other_validator` varchar(5000) NOT NULL DEFAULT '',
  `default` varchar(255) NOT NULL DEFAULT '',
  `widget` varchar(255) NOT NULL DEFAULT '',
  `widgetparams` varchar(5000) NOT NULL DEFAULT '',
  `position` int(3) NOT NULL DEFAULT '0',
  `visible` int(1) NOT NULL DEFAULT '0',
  PRIMARY KEY (`id`),
  KEY `varname` (`varname`,`widget`,`visible`)
) ENGINE=InnoDB AUTO_INCREMENT=4 DEFAULT CHARSET=utf8;
/*!40101 SET character_set_client = @saved_cs_client */;

--
-- Dumping data for table `profiles_fields`
--

LOCK TABLES `profiles_fields` WRITE;
/*!40000 ALTER TABLE `profiles_fields` DISABLE KEYS */;
INSERT INTO `profiles_fields` VALUES (1,'lastname','Last Name','VARCHAR','50','3',1,'','','Incorrect Last Name (length between 3 and 50 characters).','','','','',1,3),(2,'firstname','First Name','VARCHAR','50','3',1,'','','Incorrect First Name (length between 3 and 50 characters).','','','','',0,3),(3,'branch','Branch','INTEGER','11','1',1,'','','','','0','UWrelBelongsTo','{\"modelName\":\"Branches\",\"optionName\":\"name\",\"relationName\":\"id\"}',3,1);
/*!40000 ALTER TABLE `profiles_fields` ENABLE KEYS */;
UNLOCK TABLES;

--
-- Table structure for table `riders`
--

DROP TABLE IF EXISTS `riders`;
/*!40101 SET @saved_cs_client     = @@character_set_client */;
/*!40101 SET character_set_client = utf8 */;
CREATE TABLE `riders` (
  `id` int(11) NOT NULL AUTO_INCREMENT,
  `branch_id` int(11) NOT NULL,
  `name` varchar(255) NOT NULL,
  `contact_no` varchar(100) NOT NULL,
  PRIMARY KEY (`id`)
) ENGINE=InnoDB AUTO_INCREMENT=9 DEFAULT CHARSET=latin1;
/*!40101 SET character_set_client = @saved_cs_client */;

--
-- Dumping data for table `riders`
--

LOCK TABLES `riders` WRITE;
/*!40000 ALTER TABLE `riders` DISABLE KEYS */;
INSERT INTO `riders` VALUES (1,1,'Duduy Pahulas','23323'),(2,1,'John Doe','23323'),(3,2,'james dee','23323'),(4,1,'Jaimer Pahulas','3434334'),(5,1,'FUNDF','343443'),(6,1,'Jogn','434'),(7,1,'JP Morgan','32323'),(8,2,'Ryohei Morita','121221');
/*!40000 ALTER TABLE `riders` ENABLE KEYS */;
UNLOCK TABLES;

--
-- Table structure for table `sizes`
--

DROP TABLE IF EXISTS `sizes`;
/*!40101 SET @saved_cs_client     = @@character_set_client */;
/*!40101 SET character_set_client = utf8 */;
CREATE TABLE `sizes` (
  `id` int(11) NOT NULL AUTO_INCREMENT,
  `type` enum('item','add_on') NOT NULL,
  `name` varchar(100) NOT NULL,
  `description` varchar(100) DEFAULT NULL,
  PRIMARY KEY (`id`)
) ENGINE=InnoDB AUTO_INCREMENT=9 DEFAULT CHARSET=latin1;
/*!40101 SET character_set_client = @saved_cs_client */;

--
-- Dumping data for table `sizes`
--

LOCK TABLES `sizes` WRITE;
/*!40000 ALTER TABLE `sizes` DISABLE KEYS */;
INSERT INTO `sizes` VALUES (1,'item','Thin Crust - REGULAR 8',''),(2,'item','Thin Crust - LARGE 11',''),(3,'item','Thin Crust - PARTY 14',''),(4,'item','Hand Tossed - REGULAR 8',''),(5,'item','Hand Tossed - LARGE 11',''),(6,'item',' Hand Tossed - PARTY 14 ',''),(7,'add_on','Regular',NULL),(8,'add_on','Large',NULL);
/*!40000 ALTER TABLE `sizes` ENABLE KEYS */;
UNLOCK TABLES;

--
-- Table structure for table `unavailable_items`
--

DROP TABLE IF EXISTS `unavailable_items`;
/*!40101 SET @saved_cs_client     = @@character_set_client */;
/*!40101 SET character_set_client = utf8 */;
CREATE TABLE `unavailable_items` (
  `id` int(11) NOT NULL AUTO_INCREMENT,
  `branch_id` int(11) NOT NULL,
  `item_id` int(11) NOT NULL,
  PRIMARY KEY (`id`),
  KEY `branch_id` (`branch_id`),
  KEY `item_id` (`item_id`),
  CONSTRAINT `unavailable_items_ibfk_1` FOREIGN KEY (`branch_id`) REFERENCES `branches` (`id`),
  CONSTRAINT `unavailable_items_ibfk_2` FOREIGN KEY (`item_id`) REFERENCES `menu_items` (`id`)
) ENGINE=InnoDB AUTO_INCREMENT=22 DEFAULT CHARSET=latin1;
/*!40101 SET character_set_client = @saved_cs_client */;

--
-- Dumping data for table `unavailable_items`
--

LOCK TABLES `unavailable_items` WRITE;
/*!40000 ALTER TABLE `unavailable_items` DISABLE KEYS */;
INSERT INTO `unavailable_items` VALUES (12,2,1),(13,2,2),(14,2,3),(15,2,4);
/*!40000 ALTER TABLE `unavailable_items` ENABLE KEYS */;
UNLOCK TABLES;

--
-- Table structure for table `users`
--

DROP TABLE IF EXISTS `users`;
/*!40101 SET @saved_cs_client     = @@character_set_client */;
/*!40101 SET character_set_client = utf8 */;
CREATE TABLE `users` (
  `id` int(11) NOT NULL AUTO_INCREMENT,
  `username` varchar(100) NOT NULL,
  `password` varchar(128) NOT NULL,
  `email` varchar(128) NOT NULL,
  `activkey` varchar(128) NOT NULL DEFAULT '',
  `create_at` timestamp NOT NULL DEFAULT CURRENT_TIMESTAMP,
  `lastvisit_at` timestamp NOT NULL DEFAULT '0000-00-00 00:00:00',
  `superuser` int(1) NOT NULL DEFAULT '0',
  `status` int(1) NOT NULL DEFAULT '0',
  PRIMARY KEY (`id`),
  UNIQUE KEY `username` (`username`),
  UNIQUE KEY `email` (`email`),
  KEY `status` (`status`),
  KEY `superuser` (`superuser`)
) ENGINE=InnoDB AUTO_INCREMENT=5 DEFAULT CHARSET=utf8;
/*!40101 SET character_set_client = @saved_cs_client */;

--
-- Dumping data for table `users`
--

LOCK TABLES `users` WRITE;
/*!40000 ALTER TABLE `users` DISABLE KEYS */;
INSERT INTO `users` VALUES (1,'admin','21232f297a57a5a743894a0e4a801fc3','webmaster@example.com','9a24eff8c15a6a141ece27eb6947da0f','2013-05-22 05:15:20','2014-02-18 12:44:21',1,1),(2,'demo','fe01ce2a7fbac8fafaed7c982a04e229','demo@example.com','099f825543f7850cc038b90aaff39fac','2013-05-22 05:15:20','2014-02-11 01:30:10',1,1),(3,'shakeys1','81dc9bdb52d04dc20036dbd8313ed055','shakey1@yahoo.com','a4ecaf6b5f101feb589e7eefdfddee09','2014-02-18 12:46:02','2014-02-18 12:54:51',1,1),(4,'shakeys2','81dc9bdb52d04dc20036dbd8313ed055','shakeys2@yahoo.com','1db856d47b9a22a919d23d106d4aeb74','2014-02-18 12:46:38','2014-02-18 13:00:14',1,1);
/*!40000 ALTER TABLE `users` ENABLE KEYS */;
UNLOCK TABLES;
/*!40103 SET TIME_ZONE=@OLD_TIME_ZONE */;

/*!40101 SET SQL_MODE=@OLD_SQL_MODE */;
/*!40014 SET FOREIGN_KEY_CHECKS=@OLD_FOREIGN_KEY_CHECKS */;
/*!40014 SET UNIQUE_CHECKS=@OLD_UNIQUE_CHECKS */;
/*!40101 SET CHARACTER_SET_CLIENT=@OLD_CHARACTER_SET_CLIENT */;
/*!40101 SET CHARACTER_SET_RESULTS=@OLD_CHARACTER_SET_RESULTS */;
/*!40101 SET COLLATION_CONNECTION=@OLD_COLLATION_CONNECTION */;
/*!40111 SET SQL_NOTES=@OLD_SQL_NOTES */;

-- Dump completed on 2014-02-18 21:03:07
